advantage_max,advantage_mean,advantage_min,advantage_negative_rate,advantage_positive_rate,advantage_std,advantage_zero_rate,batch_size,behavior_temperature,checkpoint_path,checkpoint_sha256,clip_eps,config_key,config_key_label,config_path,entropy_coef,episodes,iteration,lr,max_grad_norm,mean_delta_needed_to_flip_top1,non_top1_positive_advantage_count,non_top1_selected_count,non_top1_selected_rate,opponent_mode,p10_delta_needed_to_flip_top1,p50_delta_needed_to_flip_top1,p90_delta_needed_to_flip_top1,pilot_config_id,positive_advantage_count,positive_advantage_non_top1_count,positive_advantage_top1_count,rank_coef,ratio_mode,rerun_config_id,return_max,return_mean,return_min,return_std,reward_max,reward_mean,reward_min,reward_nonzero_count,reward_std,rollout_seed,rule_kl_coef,rule_score_scale,rule_score_scale_values,rule_score_scale_version,sample_entropy_mean,seed_hash,seed_registry_id,selected_non_top1_positive_advantage_count,selected_prior_prob_mean,selected_prior_prob_p90,selected_prior_rank_histogram,selected_prior_rank_mean,selected_prior_top1_rate,source_config_id,tempered_post_update_approx_kl,tempered_post_update_clip_fraction,tempered_post_update_policy_loss,tempered_post_update_rule_kl,torch_sample_seed,untempered_post_batch_size,untempered_post_effective_margin_to_flip_mean,untempered_post_effective_margin_to_flip_p50,untempered_post_effective_margin_to_flip_p90,untempered_post_neural_delta_abs_max,untempered_post_neural_delta_abs_mean,untempered_post_rule_agreement,untempered_post_scaled_prior_margin_mean,untempered_post_scaled_prior_margin_p50,untempered_post_top1_action_changed_rate,untempered_post_update_approx_kl,untempered_post_update_clip_fraction,untempered_pre_batch_size,untempered_pre_effective_margin_to_flip_mean,untempered_pre_effective_margin_to_flip_p50,untempered_pre_effective_margin_to_flip_p90,untempered_pre_neural_delta_abs_max,untempered_pre_neural_delta_abs_mean,untempered_pre_rule_agreement,untempered_pre_scaled_prior_margin_mean,untempered_pre_scaled_prior_margin_p50,untempered_pre_top1_action_changed_rate,update_epochs,value_coef
1.4461708068847656,-0.15975189208984375,-1.3001586198806763,0.536036036036036,0.46396396396396394,0.8636471629142761,0.0,222,1.25,reports/keqingrl_discard_research_20260425_candidates_checkpoint_rerun/configs/rerun_000_source_93/policy_final.pt,689ed3bc4eacbde87049309fe6a37182cffa1baa03338b8ed653ebab516854fc,0.1,"{""entropy_coef"":0.01,""lr"":3e-05,""opponent_mode"":""rulebase"",""rule_kl_coef"":0.01}",rulebase/rule_kl=0.01/entropy=0.01/lr=3e-05,reports/keqingrl_discard_research_20260425_candidates_checkpoint_rerun/configs/rerun_000_source_93/config.json,0.005,16,0,0.001,1.0,3.004621744155884,90,192,0.8648648648648649,rulebase,3.0,3.003999948501587,3.0099000930786133,0,103,90,13,0.0,tempered_current_logits,0,1.0,-0.40066447854042053,-1.5,0.8677446842193604,1.0,-0.036036036908626556,-1.5,16,0.3336375653743744,202604300000,0.001,0.25,[0.25],keqingrl_rule_score_scale_v1,0.0,b9e4928c53bdcc35,config=0:iter=0:base=202604300000:stride=1:count=16,90,0.11836499350799902,0.6473202705383301,"{""1"":30,""10"":24,""11"":17,""12"":7,""13"":4,""2"":23,""3"":18,""4"":13,""5"":18,""6"":15,""7"":17,""8"":18,""9"":18}",6.081081081081081,0.13513513513513514,93,1.2869785450675408e-06,0.0,-0.000448037899332121,0.5581772327423096,202604300000,222,0.7480798959732056,0.7480185031890869,0.7506715059280396,0.009429440833628178,0.0027400157414376736,1.0,0.7500540018081665,0.75,0.0,0.0013138196663931012,0.13513512909412384,222,0.7500588297843933,0.7500288486480713,0.750234067440033,0.00020765431690961123,0.00011791622819146141,1.0,0.7500540018081665,0.75,0.0,4,0.0
1.8486882448196411,0.22424712777137756,-1.128549575805664,0.3625,0.6375,0.8644400835037231,0.0,240,1.25,reports/keqingrl_discard_research_20260425_candidates_checkpoint_rerun/configs/rerun_000_source_93/policy_final.pt,689ed3bc4eacbde87049309fe6a37182cffa1baa03338b8ed653ebab516854fc,0.1,"{""entropy_coef"":0.01,""lr"":3e-05,""opponent_mode"":""rulebase"",""rule_kl_coef"":0.01}",rulebase/rule_kl=0.01/entropy=0.01/lr=3e-05,reports/keqingrl_discard_research_20260425_candidates_checkpoint_rerun/configs/rerun_000_source_93/config.json,0.005,16,1,0.001,1.0,3.0043580532073975,137,206,0.8583333333333333,rulebase,3.0,3.003999948501587,3.009999990463257,0,153,137,16,0.0,tempered_current_logits,0,1.0,-0.20985333621501923,-1.5,0.8003560900688171,1.0,-0.014583333395421505,-1.5,16,0.30068641901016235,202604300016,0.001,0.25,[0.25],keqingrl_rule_score_scale_v1,0.0,c6cd44b27deeed78,config=0:iter=1:base=202604300016:stride=1:count=16,137,0.11917133107005308,0.6274406313896179,"{""1"":34,""10"":23,""11"":12,""12"":14,""13"":3,""14"":1,""2"":26,""3"":19,""4"":21,""5"":12,""6"":22,""7"":23,""8"":19,""9"":11}",5.891666666666667,0.14166666666666666,93,1.3966854339741985e-06,0.0,-0.00030567299108952284,0.5484709143638611,202604300001,240,0.7443996071815491,0.7449054718017578,0.7496317028999329,0.015666814520955086,0.004580089822411537,1.0,0.7500187754631042,0.75,0.0,0.0013644261052832007,0.14166666567325592,240,0.7473543882369995,0.7476801872253418,0.7500606179237366,0.007907573133707047,0.0026373721193522215,1.0,0.7500187754631042,0.75,0.0,4,0.0
1.7451820373535156,-0.03870709612965584,-1.0243923664093018,0.5454545454545454,0.45454545454545453,0.849420964717865,0.0,198,1.25,reports/keqingrl_discard_research_20260425_candidates_checkpoint_rerun/configs/rerun_000_source_93/policy_final.pt,689ed3bc4eacbde87049309fe6a37182cffa1baa03338b8ed653ebab516854fc,0.1,"{""entropy_coef"":0.01,""lr"":3e-05,""opponent_mode"":""rulebase"",""rule_kl_coef"":0.01}",rulebase/rule_kl=0.01/entropy=0.01/lr=3e-05,reports/keqingrl_discard_research_20260425_candidates_checkpoint_rerun/configs/rerun_000_source_93/config.json,0.005,16,2,0.001,1.0,3.0048434734344482,74,169,0.8535353535353535,rulebase,3.0,3.005000114440918,3.009999990463257,0,90,74,16,0.0,tempered_current_logits,0,1.0,-0.5220462083816528,-1.5,0.8216663599014282,1.0,-0.035353533923625946,-1.5,16,0.3276216983795166,202604300032,0.001,0.25,[0.25],keqingrl_rule_score_scale_v1,0.0,ba6bcbf6c8a041f9,config=0:iter=2:base=202604300032:stride=1:count=16,74,0.12388021860158804,0.6275189518928528,"{""1"":29,""10"":11,""11"":10,""12"":15,""13"":6,""14"":3,""2"":8,""3"":15,""4"":18,""5"":18,""6"":16,""7"":12,""8"":27,""9"":10}",6.353535353535354,0.14646464646464646,93,5.526809673028765e-06,0.0,-0.0008824359392747283,0.5520833134651184,202604300002,198,0.7438283562660217,0.7437254786491394,0.7500305771827698,0.016568392515182495,0.0035446418914943933,1.0,0.7500378489494324,0.75,0.0,0.0013873777352273464,0.14646464586257935,198,0.7447622418403625,0.7446815967559814,0.7503748536109924,0.01700388267636299,0.0043880329467356205,1.0,0.7500378489494324,0.75,0.0,4,0.0
1.442060947418213,-0.24279752373695374,-1.2634526491165161,0.6,0.4,0.9088402390480042,0.0,225,1.25,reports/keqingrl_discard_research_20260425_candidates_checkpoint_rerun/configs/rerun_000_source_93/policy_final.pt,689ed3bc4eacbde87049309fe6a37182cffa1baa03338b8ed653ebab516854fc,0.1,"{""entropy_coef"":0.01,""lr"":3e-05,""opponent_mode"":""rulebase"",""rule_kl_coef"":0.01}",rulebase/rule_kl=0.01/entropy=0.01/lr=3e-05,reports/keqingrl_discard_research_20260425_candidates_checkpoint_rerun/configs/rerun_000_source_93/config.json,0.005,16,0,0.001,1.0,3.004204273223877,71,182,0.8088888888888889,rulebase,3.0,3.003000020980835,3.009999990463257,1,90,71,19,0.0,tempered_current_logits,0,1.0,-0.48786067962646484,-1.5,0.884895920753479,1.0,-0.05111110955476761,-1.5,16,0.3600137233734131,202604400000,0.005,0.25,[0.25],keqingrl_rule_score_scale_v1,0.0,b0e05dd13e5b1a98,config=1:iter=0:base=202604400000:stride=1:count=16,71,0.1510200138721201,0.6473823189735413,"{""1"":43,""10"":13,""11"":18,""12"":9,""13"":3,""2"":14,""3"":20,""4"":18,""5"":22,""6"":15,""7"":14,""8"":17,""9"":19}",5.702222222222222,0.19111111111111112,93,7.591394819428388e-07,0.0,-0.00028666231082752347,0.5519540905952454,202604400000,225,0.7479074597358704,0.7478984594345093,0.7499189972877502,0.008402806706726551,0.0028450069949030876,1.0,0.7500343918800354,0.75,0.0,0.0017526157898828387,0.19111111760139465,225,0.750028133392334,0.7499997019767761,0.7502061128616333,0.00021312458557076752,0.00011569094931473956,1.0,0.7500343918800354,0.75,0.0,4,0.0
1.4018595218658447,0.15234899520874023,-1.2980901002883911,0.33014354066985646,0.6698564593301436,0.8443194031715393,0.0,209,1.25,reports/keqingrl_discard_research_20260425_candidates_checkpoint_rerun/configs/rerun_000_source_93/policy_final.pt,689ed3bc4eacbde87049309fe6a37182cffa1baa03338b8ed653ebab516854fc,0.1,"{""entropy_coef"":0.01,""lr"":3e-05,""opponent_mode"":""rulebase"",""rule_kl_coef"":0.01}",rulebase/rule_kl=0.01/entropy=0.01/lr=3e-05,reports/keqingrl_discard_research_20260425_candidates_checkpoint_rerun/configs/rerun_000_source_93/config.json,0.005,16,1,0.001,1.0,3.0037271976470947,117,177,0.84688995215311,rulebase,3.0,3.003000020980835,3.009000062942505,1,140,117,23,0.0,tempered_current_logits,0,1.0,-0.06836064159870148,-1.5,0.8267530798912048,1.0,-0.007177033461630344,-1.5,16,0.30732083320617676,202604400016,0.005,0.25,[0.25],keqingrl_rule_score_scale_v1,0.0,99ea9fe8b1ae6394,config=1:iter=1:base=202604400016:stride=1:count=16,117,0.12910260127313686,0.6274993419647217,"{""1"":32,""10"":21,""11"":5,""12"":5,""13"":3,""2"":23,""3"":26,""4"":15,""5"":25,""6"":16,""7"":13,""8"":12,""9"":13}",5.287081339712919,0.15311004784688995,93,5.285930910758907e-06,0.0,-0.0005327226244844496,0.5565245747566223,202604400001,209,0.7419699430465698,0.7426998615264893,0.7487709522247314,0.020698174834251404,0.00558306323364377,1.0,0.7500311732292175,0.75,0.0,0.0014709967654198408,0.15311004221439362,209,0.7484075427055359,0.7487457990646362,0.7503384947776794,0.008934615179896355,0.0027347318828105927,1.0,0.7500311732292175,0.75,0.0,4,0.0
1.600701093673706,0.10421746224164963,-1.2269377708435059,0.41739130434782606,0.5826086956521739,0.8896515965461731,0.0,230,1.25,reports/keqingrl_discard_research_20260425_candidates_checkpoint_rerun/configs/rerun_000_source_93/policy_final.pt,689ed3bc4eacbde87049309fe6a37182cffa1baa03338b8ed653ebab516854fc,0.1,"{""entropy_coef"":0.01,""lr"":3e-05,""opponent_mode"":""rulebase"",""rule_kl_coef"":0.01}",rulebase/rule_kl=0.01/entropy=0.01/lr=3e-05,reports/keqingrl_discard_research_20260425_candidates_checkpoint_rerun/configs/rerun_000_source_93/config.json,0.005,16,2,0.001,1.0,3.004626512527466,121,207,0.9,rulebase,3.0,3.005000114440918,3.009000062942505,1,134,121,13,0.0,tempered_current_logits,0,1.0,-0.2699950039386749,-1.5,0.8486019372940063,1.0,-0.02391304261982441,-1.5,16,0.3204512894153595,202604400032,0.005,0.25,[0.25],keqingrl_rule_score_scale_v1,0.0,9778e7e6e2b03829,config=1:iter=2:base=202604400032:stride=1:count=16,121,0.09524704494878002,0.035612910985946655,"{""1"":23,""10"":18,""11"":11,""12"":8,""13"":1,""14"":1,""2"":21,""3"":18,""4"":12,""5"":20,""6"":25,""7"":25,""8"":24,""9"":23}",6.1521739130434785,0.1,93,3.981442660005996e-06,0.0,-0.000599892227910459,0.5568065643310547,202604400002,230,0.7402777075767517,0.741146981716156,0.7495774030685425,0.034093279391527176,0.010018248111009598,1.0,0.750036895275116,0.75,0.0,0.0010500280186533928,0.10000000149011612,230,0.7404668927192688,0.7409818768501282,0.7489655613899231,0.018874922767281532,0.005824047606438398,1.0,0.750036895275116,0.75,0.0,4,0.0
1.4281589984893799,-0.19008895754814148,-1.337403655052185,0.5454545454545454,0.45454545454545453,0.8471680283546448,0.0,231,1.25,reports/keqingrl_discard_research_20260425_candidates_checkpoint_rerun/configs/rerun_000_source_93/policy_final.pt,689ed3bc4eacbde87049309fe6a37182cffa1baa03338b8ed653ebab516854fc,0.2,"{""entropy_coef"":0.01,""lr"":3e-05,""opponent_mode"":""rulebase"",""rule_kl_coef"":0.01}",rulebase/rule_kl=0.01/entropy=0.01/lr=3e-05,reports/keqingrl_discard_research_20260425_candidates_checkpoint_rerun/configs/rerun_000_source_93/config.json,0.005,16,0,0.001,1.0,3.0039870738983154,84,186,0.8051948051948052,rulebase,3.0,3.003000020980835,3.009999990463257,2,105,84,21,0.0,tempered_current_logits,0,1.0,-0.4462713897228241,-1.5,0.8213859796524048,1.0,-0.036796536296606064,-1.5,16,0.3219074010848999,202604500000,0.001,0.25,[0.25],keqingrl_rule_score_scale_v1,0.0,65f85900140c9d77,config=2:iter=0:base=202604500000:stride=1:count=16,84,0.15492773730936762,0.6473616361618042,"{""1"":45,""10"":10,""11"":15,""12"":7,""13"":8,""14"":1,""2"":27,""3"":18,""4"":18,""5"":21,""6"":14,""7"":15,""8"":20,""9"":12}",5.428571428571429,0.19480519480519481,93,2.4955115804914385e-06,0.0,-0.0003849046188406646,0.5576184391975403,202604500000,231,0.7462942004203796,0.746019721031189,0.7498382329940796,0.011453392915427685,0.002774860244244337,1.0,0.7500412464141846,0.75,0.0,0.0017710709944367409,0.0,231,0.7500434517860413,0.7500205039978027,0.7502157092094421,0.0002235094434581697,0.00011573369556572288,1.0,0.7500412464141846,0.75,0.0,4,0.0
1.605308175086975,0.025165464729070663,-1.1336228847503662,0.4888888888888889,0.5111111111111111,0.8462521433830261,0.0,225,1.25,reports/keqingrl_discard_research_20260425_candidates_checkpoint_rerun/configs/rerun_000_source_93/policy_final.pt,689ed3bc4eacbde87049309fe6a37182cffa1baa03338b8ed653ebab516854fc,0.2,"{""entropy_coef"":0.01,""lr"":3e-05,""opponent_mode"":""rulebase"",""rule_kl_coef"":0.01}",rulebase/rule_kl=0.01/entropy=0.01/lr=3e-05,reports/keqingrl_discard_research_20260425_candidates_checkpoint_rerun/configs/rerun_000_source_93/config.json,0.005,16,1,0.001,1.0,3.004422187805176,96,193,0.8577777777777778,rulebase,3.0,3.003999948501587,3.009000062942505,2,115,96,19,0.0,tempered_current_logits,0,1.0,-0.38397833704948425,-1.5,0.8587937951087952,1.0,-0.02666666731238365,-1.5,16,0.3186080753803253,202604500016,0.001,0.25,[0.25],keqingrl_rule_score_scale_v1,0.0,c0e2806e659074c9,config=2:iter=1:base=202604500016:stride=1:count=16,96,0.12155038243366613,0.6472995281219482,"{""1"":32,""10"":20,""11"":11,""12"":11,""13"":2,""14"":1,""2"":19,""3"":18,""4"":16,""5"":18,""6"":27,""7"":16,""8"":22,""9"":12}",5.906666666666666,0.14222222222222222,93,1.1540832019818481e-05,0.0,-0.0008177449926733971,0.5562314391136169,202604500001,225,0.7376090288162231,0.7385483980178833,0.7481246590614319,0.05719238147139549,0.019148683175444603,1.0,0.7500377893447876,0.75,0.0,0.0013782518217340112,0.0,225,0.7461327910423279,0.7460014224052429,0.7495591640472412,0.01197020709514618,0.003163843182846904,1.0,0.7500377893447876,0.75,0.0,4,0.0
1.911726713180542,0.603973925113678,-0.8926697373390198,0.23580786026200873,0.7641921397379913,0.8243855834007263,0.0,229,1.25,reports/keqingrl_discard_research_20260425_candidates_checkpoint_rerun/configs/rerun_000_source_93/policy_final.pt,689ed3bc4eacbde87049309fe6a37182cffa1baa03338b8ed653ebab516854fc,0.2,"{""entropy_coef"":0.01,""lr"":3e-05,""opponent_mode"":""rulebase"",""rule_kl_coef"":0.01}",rulebase/rule_kl=0.01/entropy=0.01/lr=3e-05,reports/keqingrl_discard_research_20260425_candidates_checkpoint_rerun/configs/rerun_000_source_93/config.json,0.005,16,2,0.001,1.0,3.0045065879821777,152,194,0.8471615720524017,rulebase,3.0,3.003999948501587,3.009999990463257,2,175,152,23,0.0,tempered_current_logits,0,1.0,-0.010788722895085812,-1.5,0.747209370136261,1.0,0.015283842571079731,-1.5,16,0.27403268218040466,202604500032,0.001,0.25,[0.25],keqingrl_rule_score_scale_v1,0.0,7341df4bc546da49,config=2:iter=2:base=202604500032:stride=1:count=16,152,0.13071804365964695,0.6686112284660339,"{""1"":35,""10"":23,""11"":19,""12"":11,""13"":4,""2"":13,""3"":22,""4"":28,""5"":16,""6"":16,""7"":12,""8"":13,""9"":17}",6.021834061135372,0.15283842794759825,93,1.899876951938495e-05,0.0,-0.0008640299784019589,0.5564380288124084,202604500002,229,0.7287049889564514,0.731489896774292,0.7466303110122681,0.12039168924093246,0.040088094770908356,1.0,0.7500382661819458,0.75,0.0,0.0014234123518690467,0.0,229,0.7372229695320129,0.7371034622192383,0.7494956254959106,0.057438164949417114,0.018471363931894302,1.0,0.7500382661819458,0.75,0.0,4,0.0
1.4019973278045654,0.06163330748677254,-1.2009942531585693,0.42857142857142855,0.5714285714285714,0.8711502552032471,0.0,238,1.25,reports/keqingrl_discard_research_20260425_candidates_checkpoint_rerun/configs/rerun_000_source_93/policy_final.pt,689ed3bc4eacbde87049309fe6a37182cffa1baa03338b8ed653ebab516854fc,0.2,"{""entropy_coef"":0.01,""lr"":3e-05,""opponent_mode"":""rulebase"",""rule_kl_coef"":0.01}",rulebase/rule_kl=0.01/entropy=0.01/lr=3e-05,reports/keqingrl_discard_research_20260425_candidates_checkpoint_rerun/configs/rerun_000_source_93/config.json,0.005,16,0,0.001,1.0,3.004621982574463,117,207,0.8697478991596639,rulebase,3.0,3.003999948501587,3.0092999935150146,3,136,117,19,0.0,tempered_current_logits,0,1.0,-0.20524513721466064,-1.5,0.8630083203315735,1.0,-0.012605042196810246,-1.5,16,0.3072115480899811,202604600000,0.005,0.25,[0.25],keqingrl_rule_score_scale_v1,0.0,77b5e7c562366c07,config=3:iter=0:base=202604600000:stride=1:count=16,117,0.11604447880399828,0.6472995281219482,"{""1"":31,""10"":20,""11"":16,""12"":12,""14"":1,""2"":18,""3"":17,""4"":22,""5"":17,""6"":26,""7"":11,""8"":22,""9"":25}",6.130252100840337,0.13025210084033614,93,2.8257720714464085e-06,0.0,-0.0005291409906931221,0.5566972494125366,202604600000,238,0.7470431923866272,0.7473059892654419,0.7508698105812073,0.013485965318977833,0.004032161086797714,1.0,0.7500315308570862,0.75,0.0,0.0012599724577739835,0.0,238,0.750036358833313,0.7500139474868774,0.7501919269561768,0.00023345102090388536,0.00011945199366891757,1.0,0.7500315308570862,0.75,0.0,4,0.0
1.5322017669677734,-0.13460372388362885,-1.3599178791046143,0.5109170305676856,0.4890829694323144,0.8510757088661194,0.0,229,1.25,reports/keqingrl_discard_research_20260425_candidates_checkpoint_rerun/configs/rerun_000_source_93/policy_final.pt,689ed3bc4eacbde87049309fe6a37182cffa1baa03338b8ed653ebab516854fc,0.2,"{""entropy_coef"":0.01,""lr"":3e-05,""opponent_mode"":""rulebase"",""rule_kl_coef"":0.01}",rulebase/rule_kl=0.01/entropy=0.01/lr=3e-05,reports/keqingrl_discard_research_20260425_candidates_checkpoint_rerun/configs/rerun_000_source_93/config.json,0.005,16,1,0.001,1.0,3.004624366760254,91,186,0.8122270742358079,rulebase,3.0,3.003999948501587,3.009999990463257,3,112,91,21,0.0,tempered_current_logits,0,1.0,-0.367766410112381,-1.5,0.8583207130432129,1.0,-0.034934498369693756,-1.5,16,0.3285572826862335,202604600016,0.005,0.25,[0.25],keqingrl_rule_score_scale_v1,0.0,72b6b2fafb7ca5a5,config=3:iter=1:base=202604600016:stride=1:count=16,91,0.14999048151563868,0.6473202705383301,"{""1"":43,""10"":21,""11"":17,""12"":11,""13"":5,""2"":15,""3"":17,""4"":17,""5"":17,""6"":13,""7"":13,""8"":16,""9"":24}",6.043668122270742,0.18777292576419213,93,6.877251053083455e-06,0.0,-0.0005055494257248938,0.5564509034156799,202604600001,229,0.7398408055305481,0.7414154410362244,0.7491051554679871,0.031999725848436356,0.010525855235755444,1.0,0.7500272393226624,0.75,0.0,0.0017623696476221085,0.0,229,0.7467802166938782,0.7473158836364746,0.7505816221237183,0.012488733045756817,0.004189402796328068,1.0,0.7500272393226624,0.75,0.0,4,0.0
1.453354001045227,-0.0488458015024662,-1.3004378080368042,0.4772727272727273,0.5227272727272727,0.8797891736030579,0.0,220,1.25,reports/keqingrl_discard_research_20260425_candidates_checkpoint_rerun/configs/rerun_000_source_93/policy_final.pt,689ed3bc4eacbde87049309fe6a37182cffa1baa03338b8ed653ebab516854fc,0.2,"{""entropy_coef"":0.01,""lr"":3e-05,""opponent_mode"":""rulebase"",""rule_kl_coef"":0.01}",rulebase/rule_kl=0.01/entropy=0.01/lr=3e-05,reports/keqingrl_discard_research_20260425_candidates_checkpoint_rerun/configs/rerun_000_source_93/config.json,0.005,16,2,0.001,1.0,3.004845380783081,102,191,0.8681818181818182,rulebase,3.0,3.005000114440918,3.009999990463257,3,115,102,13,0.0,tempered_current_logits,0,1.0,-0.32535165548324585,-1.5,0.8476666808128357,1.0,-0.027272727340459824,-1.5,16,0.32218262553215027,202604600032,0.005,0.25,[0.25],keqingrl_rule_score_scale_v1,0.0,4634d0ca3d3ad349,config=3:iter=2:base=202604600032:stride=1:count=16,102,0.1166180884550241,0.6473409533500671,"{""1"":29,""10"":16,""11"":17,""12"":11,""13"":2,""2"":18,""3"":16,""4"":13,""5"":14,""6"":19,""7"":21,""8"":21,""9"":23}",6.254545454545455,0.1318181818181818,93,2.5154949980787933e-05,0.0,-0.0016463908832520247,0.560465395450592,202604600002,220,0.729275107383728,0.7331686019897461,0.7460153102874756,0.0727226585149765,0.022962184622883797,1.0,0.7500464916229248,0.75,0.0,0.0013067449908703566,0.0,220,0.7405975461006165,0.7407323718070984,0.7504712343215942,0.03249363973736763,0.009873835369944572,1.0,0.7500464916229248,0.75,0.0,4,0.0
1.4211578369140625,-0.3193344175815582,-1.3165687322616577,0.6175115207373272,0.3824884792626728,0.858247697353363,0.0,217,1.25,reports/keqingrl_discard_research_20260425_candidates_checkpoint_rerun/configs/rerun_000_source_93/policy_final.pt,689ed3bc4eacbde87049309fe6a37182cffa1baa03338b8ed653ebab516854fc,0.1,"{""entropy_coef"":0.01,""lr"":3e-05,""opponent_mode"":""rulebase"",""rule_kl_coef"":0.01}",rulebase/rule_kl=0.01/entropy=0.01/lr=3e-05,reports/keqingrl_discard_research_20260425_candidates_checkpoint_rerun/configs/rerun_000_source_93/config.json,0.005,16,0,0.001,1.0,3.004718780517578,75,198,0.9124423963133641,rulebase,3.0,3.003999948501587,3.0094001293182373,4,83,75,8,0.0,tempered_current_logits,0,1.0,-0.5610557794570923,-1.5,0.8326976299285889,1.0,-0.057603687047958374,-1.5,16,0.3561827540397644,202604700000,0.001,0.25,[0.25],keqingrl_rule_score_scale_v1,0.0,001448dea831e601,config=4:iter=0:base=202604700000:stride=1:count=16,75,0.0863559759020256,0.03435739874839783,"{""1"":19,""10"":22,""11"":19,""12"":8,""13"":6,""14"":1,""2"":27,""3"":8,""4"":18,""5"":30,""6"":15,""7"":14,""8"":11,""9"":19}",6.373271889400922,0.08755760368663594,93,1.7350637790514156e-05,0.0,-0.0015699121868237853,0.547099232673645,202604700000,217,0.7387610077857971,0.7401599884033203,0.7491884231567383,0.02717357873916626,0.007953210733830929,1.0,0.7500253319740295,0.75,0.0,0.0009516141726635396,0.0875576063990593,217,0.7500301003456116,0.7500167489051819,0.750114381313324,0.00022800074657425284,0.00011500355321913958,1.0,0.7500253319740295,0.75,0.0,8,0.0
1.5114258527755737,0.023660320788621902,-1.2214237451553345,0.47808764940239046,0.5219123505976095,0.8688984513282776,0.0,251,1.25,reports/keqingrl_discard_research_20260425_candidates_checkpoint_rerun/configs/rerun_000_source_93/policy_final.pt,689ed3bc4eacbde87049309fe6a37182cffa1baa03338b8ed653ebab516854fc,0.1,"{""entropy_coef"":0.01,""lr"":3e-05,""opponent_mode"":""rulebase"",""rule_kl_coef"":0.01}",rulebase/rule_kl=0.01/entropy=0.01/lr=3e-05,reports/keqingrl_discard_research_20260425_candidates_checkpoint_rerun/configs/rerun_000_source_93/config.json,0.005,16,1,0.001,1.0,3.00455379486084,111,215,0.8565737051792829,rulebase,3.0,3.003999948501587,3.009999990463257,4,131,111,20,0.0,tempered_current_logits,0,1.0,-0.33230459690093994,-1.5,0.8394895195960999,1.0,-0.0219123512506485,-1.5,16,0.306824654340744,202604700016,0.001,0.25,[0.25],keqingrl_rule_score_scale_v1,0.0,7a46c013baa15333,config=4:iter=1:base=202604700016:stride=1:count=16,111,0.12132820098909486,0.647278904914856,"{""1"":36,""10"":20,""11"":14,""12"":12,""13"":5,""14"":2,""2"":19,""3"":17,""4"":20,""5"":22,""6"":23,""7"":27,""8"":17,""9"":17}",6.063745019920319,0.14342629482071714,93,0.0003461274900473654,0.0,-0.004258683416992426,0.5526753067970276,202604700001,251,0.6807090044021606,0.6855080723762512,0.7468196153640747,0.1672838032245636,0.052527859807014465,1.0,0.7500298619270325,0.75,0.0,0.0018522291211411357,0.14741036295890808,251,0.7374881505966187,0.7383816242218018,0.7471778988838196,0.02975725382566452,0.007962052710354328,1.0,0.7500298619270325,0.75,0.0,8,0.0
2.2842209339141846,0.520087718963623,-0.996073842048645,0.4008810572687225,0.5991189427312775,0.9287447333335876,0.0,227,1.25,reports/keqingrl_discard_research_20260425_candidates_checkpoint_rerun/configs/rerun_000_source_93/policy_final.pt,689ed3bc4eacbde87049309fe6a37182cffa1baa03338b8ed653ebab516854fc,0.1,"{""entropy_coef"":0.01,""lr"":3e-05,""opponent_mode"":""rulebase"",""rule_kl_coef"":0.01}",rulebase/rule_kl=0.01/entropy=0.01/lr=3e-05,reports/keqingrl_discard_research_20260425_candidates_checkpoint_rerun/configs/rerun_000_source_93/config.json,0.005,16,2,0.001,1.0,3.004753589630127,116,199,0.8766519823788547,rulebase,3.0,3.003999948501587,3.009000062942505,4,136,116,20,0.0,tempered_current_logits,0,1.0,-0.43380206823349,-1.5,0.82300865650177,1.0,-0.017621144652366638,-1.5,16,0.30364537239074707,202604700032,0.001,0.25,[0.25],keqingrl_rule_score_scale_v1,0.0,0e0d4a7a28480898,config=4:iter=2:base=202604700032:stride=1:count=16,116,0.10805848426296322,0.6275189518928528,"{""1"":28,""10"":22,""11"":20,""12"":9,""13"":5,""2"":13,""3"":23,""4"":19,""5"":24,""6"":14,""7"":16,""8"":14,""9"":20}",6.255506607929515,0.12334801762114538,93,0.00304969260469079,0.1850220263004303,-0.011203446425497532,0.5558307766914368,202604700002,227,0.5770629048347473,0.6054142713546753,0.7247719764709473,0.4901866316795349,0.1817999929189682,1.0,0.7500340938568115,0.75,0.0,0.006396298762410879,0.35242289304733276,227,0.7002788186073303,0.7070222496986389,0.7504616975784302,0.14762341976165771,0.0486346073448658,1.0,0.7500340938568115,0.75,0.0,8,0.0
1.3828151226043701,-0.008151599206030369,-1.2450295686721802,0.4148471615720524,0.5851528384279476,0.8059687614440918,0.0,229,1.25,reports/keqingrl_discard_research_20260425_candidates_checkpoint_rerun/configs/rerun_000_source_93/policy_final.pt,689ed3bc4eacbde87049309fe6a37182cffa1baa03338b8ed653ebab516854fc,0.1,"{""entropy_coef"":0.01,""lr"":3e-05,""opponent_mode"":""rulebase"",""rule_kl_coef"":0.01}",rulebase/rule_kl=0.01/entropy=0.01/lr=3e-05,reports/keqingrl_discard_research_20260425_candidates_checkpoint_rerun/configs/rerun_000_source_93/config.json,0.005,16,0,0.001,1.0,3.004021644592285,111,193,0.8427947598253275,rulebase,3.0,3.003000020980835,3.009000062942505,5,134,111,23,0.0,tempered_current_logits,0,1.0,-0.2459614872932434,-1.5,0.8106985688209534,1.0,-0.01965065486729145,-1.5,16,0.29671838879585266,202604800000,0.005,0.25,[0.25],keqingrl_rule_score_scale_v1,0.0,d0e397a2e7f89eab,config=5:iter=0:base=202604800000:stride=1:count=16,111,0.13192264697469738,0.6473202705383301,"{""1"":36,""10"":17,""11"":11,""12"":8,""13"":3,""14"":1,""2"":20,""3"":24,""4"":21,""5"":25,""6"":18,""7"":19,""8"":11,""9"":15}",5.506550218340611,0.1572052401746725,93,2.955842501251027e-05,0.0,-0.0013509452110156417,0.5585787296295166,202604800000,229,0.7363105416297913,0.7333787083625793,0.7535803318023682,0.059046968817710876,0.020998448133468628,1.0,0.750038206577301,0.75,0.0,0.0015696751652285457,0.15283842384815216,229,0.7500341534614563,0.7499972581863403,0.7502365708351135,0.00022342120064422488,0.0001206937522510998,1.0,0.750038206577301,0.75,0.0,8,0.0
1.3698333501815796,0.3703780472278595,-1.2763735055923462,0.19166666666666668,0.8083333333333333,0.7394816279411316,0.0,240,1.25,reports/keqingrl_discard_research_20260425_candidates_checkpoint_rerun/configs/rerun_000_source_93/policy_final.pt,689ed3bc4eacbde87049309fe6a37182cffa1baa03338b8ed653ebab516854fc,0.1,"{""entropy_coef"":0.01,""lr"":3e-05,""opponent_mode"":""rulebase"",""rule_kl_coef"":0.01}",rulebase/rule_kl=0.01/entropy=0.01/lr=3e-05,reports/keqingrl_discard_research_20260425_candidates_checkpoint_rerun/configs/rerun_000_source_93/config.json,0.005,16,1,0.001,1.0,3.004483461380005,166,206,0.8583333333333333,rulebase,3.0,3.003999948501587,3.009999990463257,5,194,166,28,0.0,tempered_current_logits,0,1.0,0.19187355041503906,-1.5,0.7138581871986389,1.0,0.01666666753590107,-1.5,16,0.2733536660671234,202604800016,0.005,0.25,[0.25],keqingrl_rule_score_scale_v1,0.0,82862831b2ff6765,config=5:iter=1:base=202604800016:stride=1:count=16,166,0.12032048759671549,0.6274406313896179,"{""1"":34,""10"":15,""11"":17,""12"":7,""13"":3,""14"":3,""2"":21,""3"":19,""4"":18,""5"":21,""6"":16,""7"":19,""8"":21,""9"":26}",6.0125,0.14166666666666666,93,1.8491013179300353e-05,0.0,-0.0018973012920469046,0.5529220700263977,202604800001,240,0.7380320429801941,0.7383360862731934,0.7547281384468079,0.07944293320178986,0.017584897577762604,1.0,0.750027060508728,0.75,0.0,0.0014265443896874785,0.14166666567325592,240,0.7361145615577698,0.7357572317123413,0.7544360160827637,0.05589442327618599,0.019243862479925156,1.0,0.750027060508728,0.75,0.0,8,0.0
1.3611204624176025,-0.10568363964557648,-1.3736387491226196,0.463302752293578,0.536697247706422,0.8005908131599426,0.0,218,1.25,reports/keqingrl_discard_research_20260425_candidates_checkpoint_rerun/configs/rerun_000_source_93/policy_final.pt,689ed3bc4eacbde87049309fe6a37182cffa1baa03338b8ed653ebab516854fc,0.1,"{""entropy_coef"":0.01,""lr"":3e-05,""opponent_mode"":""rulebase"",""rule_kl_coef"":0.01}",rulebase/rule_kl=0.01/entropy=0.01/lr=3e-05,reports/keqingrl_discard_research_20260425_candidates_checkpoint_rerun/configs/rerun_000_source_93/config.json,0.005,16,2,0.001,1.0,3.004206418991089,106,189,0.8669724770642202,rulebase,3.0,3.003999948501587,3.009000062942505,5,117,106,11,0.0,tempered_current_logits,0,1.0,-0.3257294297218323,-1.5,0.7975351810455322,1.0,-0.0229357797652483,-1.5,16,0.29820042848587036,202604800032,0.005,0.25,[0.25],keqingrl_rule_score_scale_v1,0.0,acf435946914b834,config=5:iter=2:base=202604800032:stride=1:count=16,106,0.11567835519175737,0.6472995281219482,"{""1"":29,""10"":19,""11"":7,""12"":9,""13"":3,""14"":1,""2"":22,""3"":21,""4"":20,""5"":18,""6"":18,""7"":18,""8"":19,""9"":14}",5.715596330275229,0.13302752293577982,93,0.00019839762535411865,0.0,-0.0043411594815552235,0.5537309646606445,202604800002,218,0.6888351440429688,0.6909067630767822,0.7561790943145752,0.186003178358078,0.0517791323363781,1.0,0.7500355839729309,0.75,0.0,0.0017185384640470147,0.12844036519527435,218,0.7363790273666382,0.7370105981826782,0.7554787993431091,0.06728572398424149,0.017803672701120377,1.0,0.7500355839729309,0.75,0.0,8,0.0
1.5099084377288818,0.026675304397940636,-1.3261566162109375,0.4583333333333333,0.5416666666666666,0.8885983824729919,0.0,240,1.25,reports/keqingrl_discard_research_20260425_candidates_checkpoint_rerun/configs/rerun_000_source_93/policy_final.pt,689ed3bc4eacbde87049309fe6a37182cffa1baa03338b8ed653ebab516854fc,0.2,"{""entropy_coef"":0.01,""lr"":3e-05,""opponent_mode"":""rulebase"",""rule_kl_coef"":0.01}",rulebase/rule_kl=0.01/entropy=0.01/lr=3e-05,reports/keqingrl_discard_research_20260425_candidates_checkpoint_rerun/configs/rerun_000_source_93/config.json,0.005,16,0,0.001,1.0,3.0046541690826416,110,203,0.8458333333333333,rulebase,3.0,3.003999948501587,3.009999990463257,6,130,110,20,0.0,tempered_current_logits,0,1.0,-0.2582781910896301,-1.5,0.86831134557724,1.0,-0.02083333395421505,-1.5,16,0.3188248872756958,202604900000,0.001,0.25,[0.25],keqingrl_rule_score_scale_v1,0.0,ae92d173ce45e8e6,config=6:iter=0:base=202604900000:stride=1:count=16,110,0.12722440964231888,0.647278904914856,"{""1"":37,""10"":22,""11"":18,""12"":11,""13"":6,""14"":1,""2"":18,""3"":15,""4"":17,""5"":26,""6"":19,""7"":18,""8"":18,""9"":14}",6.116666666666666,0.15416666666666667,93,0.00010691296483855695,0.0,-0.0029583359137177467,0.5480417609214783,202604900000,240,0.7313109040260315,0.7393239736557007,0.749369740486145,0.0667458325624466,0.014607696793973446,1.0,0.7500219345092773,0.75,0.0,0.0016140122897922993,0.0,240,0.7500253915786743,0.7500098943710327,0.7500767707824707,0.00019902287749573588,0.00011766885290853679,1.0,0.7500219345092773,0.75,0.0,8,0.0
1.2482951879501343,-0.020338933914899826,-1.3882040977478027,0.41810344827586204,0.5818965517241379,0.8543493151664734,0.0,232,1.25,reports/keqingrl_discard_research_20260425_candidates_checkpoint_rerun/configs/rerun_000_source_93/policy_final.pt,689ed3bc4eacbde87049309fe6a37182cffa1baa03338b8ed653ebab516854fc,0.2,"{""entropy_coef"":0.01,""lr"":3e-05,""opponent_mode"":""rulebase"",""rule_kl_coef"":0.01}",rulebase/rule_kl=0.01/entropy=0.01/lr=3e-05,reports/keqingrl_discard_research_20260425_candidates_checkpoint_rerun/configs/rerun_000_source_93/config.json,0.005,16,1,0.001,1.0,3.00481915473938,123,206,0.8879310344827587,rulebase,3.0,3.003999948501587,3.009999990463257,6,135,123,12,0.0,tempered_current_logits,0,1.0,-0.1714736670255661,-1.5,0.8476790189743042,1.0,-0.01508620660752058,-1.5,16,0.30581432580947876,202604900016,0.001,0.25,[0.25],keqingrl_rule_score_scale_v1,0.0,66f2276e569c8620,config=6:iter=1:base=202604900016:stride=1:count=16,123,0.10165816459579971,0.6273044943809509,"{""1"":26,""10"":17,""11"":18,""12"":12,""13"":7,""14"":2,""2"":16,""3"":23,""4"":13,""5"":24,""6"":26,""7"":17,""8"":13,""9"":18}",6.3405172413793105,0.11206896551724138,93,0.00408796826377511,0.0258620698004961,-0.01039863284677267,0.5538141131401062,202604900001,232,0.5989505052566528,0.6281454563140869,0.7523296475410461,0.4800114631652832,0.10326000303030014,1.0,0.7500376105308533,0.75,0.0,0.007817688398063183,0.13793103396892548,232,0.7310824394226074,0.7329705953598022,0.7496673464775085,0.062166936695575714,0.013591411523520947,1.0,0.7500376105308533,0.75,0.0,8,0.0
2.2173800468444824,0.2600221633911133,-0.9769220352172852,0.47161572052401746,0.5283842794759825,0.9528279304504395,0.0,229,1.25,reports/keqingrl_discard_research_20260425_candidates_checkpoint_rerun/configs/rerun_000_source_93/policy_final.pt,689ed3bc4eacbde87049309fe6a37182cffa1baa03338b8ed653ebab516854fc,0.2,"{""entropy_coef"":0.01,""lr"":3e-05,""opponent_mode"":""rulebase"",""rule_kl_coef"":0.01}",rulebase/rule_kl=0.01/entropy=0.01/lr=3e-05,reports/keqingrl_discard_research_20260425_candidates_checkpoint_rerun/configs/rerun_000_source_93/config.json,0.005,16,2,0.001,1.0,3.004869222640991,105,197,0.8602620087336245,rulebase,3.0,3.005000114440918,3.009999990463257,6,121,105,16,0.0,tempered_current_logits,0,1.0000001192092896,-0.468688040971756,-1.5,0.8515467047691345,1.0,-0.032751090824604034,-1.5,16,0.33372560143470764,202604900032,0.001,0.25,[0.25],keqingrl_rule_score_scale_v1,0.0,22ca0569a8cfd613,config=6:iter=2:base=202604900032:stride=1:count=16,105,0.11834718530192385,0.647278904914856,"{""1"":32,""10"":20,""11"":18,""12"":17,""13"":6,""14"":2,""2"":13,""3"":18,""4"":19,""5"":16,""6"":22,""7"":24,""8"":11,""9"":11}",6.388646288209607,0.13973799126637554,93,0.004551940131932497,0.030567685142159462,-0.01942862570285797,0.5738237500190735,202604900002,229,0.44315144419670105,0.5043531060218811,0.6862673163414001,1.0843592882156372,0.20675882697105408,0.8864628672599792,0.7500239610671997,0.75,0.11353711783885956,0.010211327113211155,0.15283842384815216,229,0.5804423093795776,0.6067226529121399,0.719555675983429,0.44544315338134766,0.10498019307851791,1.0,0.7500239610671997,0.75,0.0,8,0.0
1.3838294744491577,0.2116161584854126,-1.295151948928833,0.3175355450236967,0.6824644549763034,0.8497927188873291,0.0,211,1.25,reports/keqingrl_discard_research_20260425_candidates_checkpoint_rerun/configs/rerun_000_source_93/policy_final.pt,689ed3bc4eacbde87049309fe6a37182cffa1baa03338b8ed653ebab516854fc,0.2,"{""entropy_coef"":0.01,""lr"":3e-05,""opponent_mode"":""rulebase"",""rule_kl_coef"":0.01}",rulebase/rule_kl=0.01/entropy=0.01/lr=3e-05,reports/keqingrl_discard_research_20260425_candidates_checkpoint_rerun/configs/rerun_000_source_93/config.json,0.005,16,0,0.001,1.0,3.004298448562622,114,169,0.8009478672985783,rulebase,3.0,3.003999948501587,3.009999990463257,7,144,114,30,0.0,tempered_current_logits,0,1.0,-0.03564448654651642,-1.5,0.8342418074607849,1.0,-0.004739336669445038,-1.5,16,0.3116631805896759,202605000000,0.005,0.25,[0.25],keqingrl_rule_score_scale_v1,0.0,42d1813c7c0d3513,config=7:iter=0:base=202605000000:stride=1:count=16,114,0.1573799921649892,0.6686554551124573,"{""1"":42,""10"":14,""11"":14,""12"":11,""13"":4,""14"":1,""2"":18,""3"":17,""4"":12,""5"":14,""6"":19,""7"":17,""8"":14,""9"":14}",5.734597156398104,0.1990521327014218,93,1.3246262824395671e-05,0.0,-0.0014895542990416288,0.5508731007575989,202605000000,211,0.7407564520835876,0.7397189140319824,0.7493760585784912,0.02529219537973404,0.006630014628171921,1.0,0.7500461339950562,0.75,0.0,0.001771243172697723,0.0,211,0.7500465512275696,0.750019907951355,0.7502051591873169,0.00022446477669291198,0.00011681328760460019,1.0,0.7500461339950562,0.75,0.0,8,0.0
1.7292062044143677,0.04874233528971672,-1.0450572967529297,0.5125,0.4875,0.9017671346664429,0.0,240,1.25,reports/keqingrl_discard_research_20260425_candidates_checkpoint_rerun/configs/rerun_000_source_93/policy_final.pt,689ed3bc4eacbde87049309fe6a37182cffa1baa03338b8ed653ebab516854fc,0.2,"{""entropy_coef"":0.01,""lr"":3e-05,""opponent_mode"":""rulebase"",""rule_kl_coef"":0.01}",rulebase/rule_kl=0.01/entropy=0.01/lr=3e-05,reports/keqingrl_discard_research_20260425_candidates_checkpoint_rerun/configs/rerun_000_source_93/config.json,0.005,16,1,0.001,1.0,3.0041162967681885,99,197,0.8208333333333333,rulebase,3.0,3.003000020980835,3.009000062942505,7,117,99,18,0.0,tempered_current_logits,0,1.0,-0.4390672445297241,-1.5,0.8591465353965759,1.0,-0.03125,-1.5,16,0.3260599672794342,202605000016,0.005,0.25,[0.25],keqingrl_rule_score_scale_v1,0.0,7727d100af6f18a5,config=7:iter=1:base=202605000016:stride=1:count=16,99,0.14701704691785078,0.6686112284660339,"{""1"":43,""10"":13,""11"":9,""12"":9,""13"":6,""2"":17,""3"":23,""4"":27,""5"":21,""6"":13,""7"":15,""8"":22,""9"":22}",5.545833333333333,0.17916666666666667,93,0.0008712896960787475,0.0,-0.010735863819718361,0.5575022101402283,202605000001,240,0.6676026582717896,0.6727927923202515,0.748522162437439,0.2023565173149109,0.05815425142645836,1.0,0.7500322461128235,0.75,0.0,0.003071911633014679,0.01666666753590107,240,0.742209255695343,0.7424650192260742,0.7507163882255554,0.0236631091684103,0.00656424043700099,1.0,0.7500322461128235,0.75,0.0,8,0.0
2.614459991455078,0.3542131781578064,-1.0666308403015137,0.5203619909502263,0.4796380090497738,0.9828670024871826,0.0,221,1.25,reports/keqingrl_discard_research_20260425_candidates_checkpoint_rerun/configs/rerun_000_source_93/policy_final.pt,689ed3bc4eacbde87049309fe6a37182cffa1baa03338b8ed653ebab516854fc,0.2,"{""entropy_coef"":0.01,""lr"":3e-05,""opponent_mode"":""rulebase"",""rule_kl_coef"":0.01}",rulebase/rule_kl=0.01/entropy=0.01/lr=3e-05,reports/keqingrl_discard_research_20260425_candidates_checkpoint_rerun/configs/rerun_000_source_93/config.json,0.005,16,2,0.001,1.0,3.0046019554138184,93,191,0.8642533936651584,rulebase,3.0,3.003999948501587,3.009999990463257,7,106,93,13,0.0,tempered_current_logits,0,1.0000001192092896,-0.7000054121017456,-1.5216529369354248,0.8402458429336548,1.0,-0.04524886980652809,-1.5,16,0.3465898036956787,202605000032,0.005,0.25,[0.25],keqingrl_rule_score_scale_v1,0.0,d60c021766ef4cc0,config=7:iter=2:base=202605000032:stride=1:count=16,93,0.11788539146810635,0.647278904914856,"{""1"":30,""10"":20,""11"":12,""12"":11,""13"":8,""2"":20,""3"":14,""4"":17,""5"":15,""6"":25,""7"":21,""8"":18,""9"":10}",6.126696832579186,0.13574660633484162,93,0.014996272511780262,0.23076923191547394,-0.017251351848244667,0.5623379349708557,202605000002,221,0.3728596568107605,0.36839351058006287,0.6682149171829224,0.8190782070159912,0.20313365757465363,0.8868778347969055,0.7500282526016235,0.75,0.11312217265367508,0.027974305674433708,0.3710407316684723,221,0.6659032106399536,0.6724110245704651,0.7301183938980103,0.20447814464569092,0.05308789759874344,1.0,0.7500282526016235,0.75,0.0,8,0.0
1.4135959148406982,-0.07949580252170563,-1.344290018081665,0.4583333333333333,0.5416666666666666,0.8219115138053894,0.0,240,1.25,reports/keqingrl_discard_research_20260425_candidates_checkpoint_rerun/configs/rerun_000_source_93/policy_final.pt,689ed3bc4eacbde87049309fe6a37182cffa1baa03338b8ed653ebab516854fc,0.1,"{""entropy_coef"":0.01,""lr"":3e-05,""opponent_mode"":""rulebase"",""rule_kl_coef"":0.01}",rulebase/rule_kl=0.01/entropy=0.01/lr=3e-05,reports/keqingrl_discard_research_20260425_candidates_checkpoint_rerun/configs/rerun_000_source_93/config.json,0.005,16,0,0.003,1.0,3.00466251373291,107,203,0.8458333333333333,rulebase,3.0,3.003999948501587,3.009999990463257,8,130,107,23,0.0,tempered_current_logits,0,1.0,-0.322653591632843,-1.5,0.8101356625556946,1.0,-0.02708333358168602,-1.5,16,0.3032735288143158,202605100000,0.001,0.25,[0.25],keqingrl_rule_score_scale_v1,0.0,f1cd2ac1388df6e3,config=8:iter=0:base=202605100000:stride=1:count=16,107,0.1293381056127449,0.6473202705383301,"{""1"":37,""10"":25,""11"":10,""12"":14,""13"":5,""14"":1,""2"":18,""3"":20,""4"":13,""5"":17,""6"":21,""7"":20,""8"":17,""9"":22}",6.154166666666667,0.15416666666666667,93,0.0003755619691219181,0.004166666883975267,-0.005094572901725769,0.553559422492981,202605100000,240,0.6989662647247314,0.7009061574935913,0.7505674958229065,0.13163182139396667,0.044439010322093964,1.0,0.7500385642051697,0.75,0.0,0.002265989314764738,0.14166666567325592,240,0.7500343322753906,0.7500019669532776,0.7502055168151855,0.0002298424078617245,0.00012145547952968627,1.0,0.7500385642051697,0.75,0.0,4,0.0
1.9941130876541138,0.5690099000930786,-1.0159032344818115,0.2564102564102564,0.7435897435897436,0.8507779240608215,0.0,234,1.25,reports/keqingrl_discard_research_20260425_candidates_checkpoint_rerun/configs/rerun_000_source_93/policy_final.pt,689ed3bc4eacbde87049309fe6a37182cffa1baa03338b8ed653ebab516854fc,0.1,"{""entropy_coef"":0.01,""lr"":3e-05,""opponent_mode"":""rulebase"",""rule_kl_coef"":0.01}",rulebase/rule_kl=0.01/entropy=0.01/lr=3e-05,reports/keqingrl_discard_research_20260425_candidates_checkpoint_rerun/configs/rerun_000_source_93/config.json,0.005,16,1,0.003,1.0,3.004499912261963,148,198,0.8461538461538461,rulebase,3.0,3.003999948501587,3.009999990463257,8,174,148,26,0.0,tempered_current_logits,0,1.0,-0.07542401552200317,-1.5,0.7776922583580017,1.0,0.006410256493836641,-1.5,16,0.2867470383644104,202605100016,0.001,0.25,[0.25],keqingrl_rule_score_scale_v1,0.0,56c57ebea298a233,config=8:iter=1:base=202605100016:stride=1:count=16,148,0.1297632058381907,0.6475072503089905,"{""1"":36,""10"":12,""11"":16,""12"":13,""13"":4,""2"":16,""3"":20,""4"":20,""5"":27,""6"":21,""7"":13,""8"":15,""9"":21}",5.867521367521367,0.15384615384615385,93,0.002406054874882102,0.12393162399530411,-0.010594465769827366,0.554027795791626,202605100001,234,0.5509129166603088,0.5300434231758118,0.809043824672699,0.4271699786186218,0.18313296139240265,1.0,0.7500545382499695,0.75,0.0,0.005629528313875198,0.2649572789669037,234,0.6960222721099854,0.6891953945159912,0.7667556405067444,0.12688395380973816,0.044859811663627625,1.0,0.7500545382499695,0.75,0.0,4,0.0
2.0269203186035156,0.4662613272666931,-1.116457462310791,0.36936936936936937,0.6306306306306306,0.900397777557373,0.0,222,1.25,reports/keqingrl_discard_research_20260425_candidates_checkpoint_rerun/configs/rerun_000_source_93/policy_final.pt,689ed3bc4eacbde87049309fe6a37182cffa1baa03338b8ed653ebab516854fc,0.1,"{""entropy_coef"":0.01,""lr"":3e-05,""opponent_mode"":""rulebase"",""rule_kl_coef"":0.01}",rulebase/rule_kl=0.01/entropy=0.01/lr=3e-05,reports/keqingrl_discard_research_20260425_candidates_checkpoint_rerun/configs/rerun_000_source_93/config.json,0.005,16,2,0.003,1.0,3.0045764446258545,124,199,0.8963963963963963,rulebase,3.0,3.003999948501587,3.009000062942505,8,140,124,16,0.0,tempered_current_logits,0,1.0,-0.34223422408103943,-1.5,0.8070789575576782,1.0,-0.018018018454313278,-1.5,16,0.30703410506248474,202605100032,0.001,0.25,[0.25],keqingrl_rule_score_scale_v1,0.0,790786c291575e6a,config=8:iter=2:base=202605100032:stride=1:count=16,124,0.09827213170560631,0.6273238062858582,"{""1"":23,""10"":19,""11"":13,""12"":6,""13"":2,""14"":1,""2"":20,""3"":16,""4"":19,""5"":22,""6"":20,""7"":16,""8"":21,""9"":24}",6.117117117117117,0.1036036036036036,93,0.0036536618135869503,0.2477477490901947,-0.011260924860835075,0.5670493841171265,202605100002,222,0.41443464159965515,0.4124053716659546,0.6667792201042175,0.7366040349006653,0.2603263854980469,0.9954954981803894,0.7500360012054443,0.75,0.0045045046135783195,0.008231662213802338,0.477477490901947,222,0.5246092081069946,0.5300432443618774,0.7295047044754028,0.44836533069610596,0.19136853516101837,1.0,0.7500360012054443,0.75,0.0,4,0.0
1.5065600872039795,-0.15751232206821442,-1.2554607391357422,0.5141509433962265,0.4858490566037736,0.8805534243583679,0.0,212,1.25,reports/keqingrl_discard_research_20260425_candidates_checkpoint_rerun/configs/rerun_000_source_93/policy_final.pt,689ed3bc4eacbde87049309fe6a37182cffa1baa03338b8ed653ebab516854fc,0.1,"{""entropy_coef"":0.01,""lr"":3e-05,""opponent_mode"":""rulebase"",""rule_kl_coef"":0.01}",rulebase/rule_kl=0.01/entropy=0.01/lr=3e-05,reports/keqingrl_discard_research_20260425_candidates_checkpoint_rerun/configs/rerun_000_source_93/config.json,0.005,16,0,0.003,1.0,3.004641532897949,95,193,0.910377358490566,rulebase,3.0,3.005000114440918,3.009000062942505,9,103,95,8,0.0,tempered_current_logits,0,1.0,-0.40447303652763367,-1.5,0.8422027826309204,1.0,-0.04009433835744858,-1.5,16,0.33582618832588196,202605200000,0.005,0.25,[0.25],keqingrl_rule_score_scale_v1,0.0,0e8200493a81b0f4,config=9:iter=0:base=202605200000:stride=1:count=16,95,0.08714945278710352,0.03425448015332222,"{""1"":19,""10"":23,""11"":15,""12"":8,""14"":1,""2"":24,""3"":14,""4"":24,""5"":10,""6"":12,""7"":23,""8"":18,""9"":21}",6.254716981132075,0.08962264150943396,93,0.00011641513992799446,0.0,-0.003364023519679904,0.5455074906349182,202605200000,212,0.7121830582618713,0.7116567492485046,0.7369692921638489,0.08151769638061523,0.01574067957699299,1.0,0.7500283718109131,0.75,0.0,0.0009870001813396811,0.08490566164255142,212,0.7500208020210266,0.7499969005584717,0.7501876950263977,0.00021720229415223002,0.00011865098349517211,1.0,0.7500283718109131,0.75,0.0,4,0.0
1.7830570936203003,-0.07739972323179245,-1.071930170059204,0.5539906103286385,0.4460093896713615,0.8847441077232361,0.0,213,1.25,reports/keqingrl_discard_research_20260425_candidates_checkpoint_rerun/configs/rerun_000_source_93/policy_final.pt,689ed3bc4eacbde87049309fe6a37182cffa1baa03338b8ed653ebab516854fc,0.1,"{""entropy_coef"":0.01,""lr"":3e-05,""opponent_mode"":""rulebase"",""rule_kl_coef"":0.01}",rulebase/rule_kl=0.01/entropy=0.01/lr=3e-05,reports/keqingrl_discard_research_20260425_candidates_checkpoint_rerun/configs/rerun_000_source_93/config.json,0.005,16,1,0.003,1.0,3.004703998565674,82,187,0.8779342723004695,rulebase,3.0,3.003999948501587,3.010999917984009,9,95,82,13,0.0,tempered_current_logits,0,1.0,-0.5377658009529114,-1.5,0.8351478576660156,1.0,-0.04929577559232712,-1.5,16,0.34757640957832336,202605200016,0.005,0.25,[0.25],keqingrl_rule_score_scale_v1,0.0,676bf1aad94b25d1,config=9:iter=1:base=202605200016:stride=1:count=16,82,0.10726429396986681,0.6273238062858582,"{""1"":26,""10"":14,""11"":17,""12"":12,""13"":9,""14"":2,""2"":23,""3"":15,""4"":22,""5"":19,""6"":12,""7"":12,""8"":12,""9"":18}",6.244131455399061,0.12206572769953052,93,0.00021328376897145063,0.0,-0.005035195499658585,0.547872006893158,202605200001,213,0.7124678492546082,0.716116189956665,0.7410701513290405,0.08445727080106735,0.021077793091535568,1.0,0.7500211596488953,0.75,0.0,0.0013563520042225718,0.10328638553619385,213,0.7188974022865295,0.7156022787094116,0.7515384554862976,0.06461644917726517,0.01516304537653923,1.0,0.7500211596488953,0.75,0.0,4,0.0
2.1010260581970215,0.3753841817378998,-1.0198503732681274,0.38636363636363635,0.6136363636363636,0.8314830660820007,0.0,220,1.25,reports/keqingrl_discard_research_20260425_candidates_checkpoint_rerun/configs/rerun_000_source_93/policy_final.pt,689ed3bc4eacbde87049309fe6a37182cffa1baa03338b8ed653ebab516854fc,0.1,"{""entropy_coef"":0.01,""lr"":3e-05,""opponent_mode"":""rulebase"",""rule_kl_coef"":0.01}",rulebase/rule_kl=0.01/entropy=0.01/lr=3e-05,reports/keqingrl_discard_research_20260425_candidates_checkpoint_rerun/configs/rerun_000_source_93/config.json,0.005,16,2,0.003,1.0,3.0044684410095215,112,190,0.8636363636363636,rulebase,3.0,3.003999948501587,3.009999990463257,9,135,112,23,0.0,tempered_current_logits,0,1.0,-0.3483211100101471,-1.5,0.8179493546485901,1.0,-0.011363636702299118,-1.5,16,0.2877940535545349,202605200032,0.005,0.25,[0.25],keqingrl_rule_score_scale_v1,0.0,0fcf24fc98c07076,config=9:iter=2:base=202605200032:stride=1:count=16,112,0.11817190393128178,0.647278904914856,"{""1"":30,""10"":16,""11"":13,""12"":9,""13"":5,""14"":1,""2"":18,""3"":19,""4"":18,""5"":23,""6"":14,""7"":21,""8"":13,""9"":20}",5.9772727272727275,0.13636363636363635,93,0.0006136277806945145,0.004545454401522875,-0.006846962030977011,0.5552262663841248,202605200002,220,0.6798679232597351,0.6985435485839844,0.746164083480835,0.34415656328201294,0.10528156906366348,1.0,0.7500284314155579,0.75,0.0,0.0020116500090807676,0.12727272510528564,220,0.717074990272522,0.7227232456207275,0.7464656233787537,0.09548945724964142,0.020436907187104225,1.0,0.7500284314155579,0.75,0.0,4,0.0
1.3729443550109863,-0.08568394184112549,-1.2894169092178345,0.4911504424778761,0.5088495575221239,0.857090413570404,0.0,226,1.25,reports/keqingrl_discard_research_20260425_candidates_checkpoint_rerun/configs/rerun_000_source_93/policy_final.pt,689ed3bc4eacbde87049309fe6a37182cffa1baa03338b8ed653ebab516854fc,0.2,"{""entropy_coef"":0.01,""lr"":3e-05,""opponent_mode"":""rulebase"",""rule_kl_coef"":0.01}",rulebase/rule_kl=0.01/entropy=0.01/lr=3e-05,reports/keqingrl_discard_research_20260425_candidates_checkpoint_rerun/configs/rerun_000_source_93/config.json,0.005,16,0,0.003,1.0,3.004535436630249,97,195,0.8628318584070797,rulebase,3.0,3.003999948501587,3.009999990463257,10,115,97,18,0.0,tempered_current_logits,0,1.0,-0.3321422338485718,-1.5,0.8528671264648438,1.0,-0.02654867246747017,-1.5,16,0.31790733337402344,202605300000,0.001,0.25,[0.25],keqingrl_rule_score_scale_v1,0.0,8250b3d06806fb16,config=10:iter=0:base=202605300000:stride=1:count=16,97,0.11641238924874141,0.6273432970046997,"{""1"":31,""10"":17,""11"":13,""12"":11,""13"":8,""14"":2,""2"":21,""3"":26,""4"":18,""5"":12,""6"":20,""7"":14,""8"":21,""9"":12}",5.991150442477876,0.13716814159292035,93,0.00011567387264221907,0.0,-0.0032355256844311953,0.5491723418235779,202605300000,226,0.721623957157135,0.7242864966392517,0.7476293444633484,0.12178531289100647,0.02719651535153389,1.0,0.7500442266464233,0.75,0.0,0.0016077110776677728,0.0,226,0.750047504901886,0.7500211000442505,0.7502124905586243,0.0002204184711445123,0.00011726045340765268,1.0,0.7500442266464233,0.75,0.0,4,0.0
2.2589211463928223,0.5907253623008728,-0.984433650970459,0.30864197530864196,0.691358024691358,0.924373984336853,0.0,243,1.25,reports/keqingrl_discard_research_20260425_candidates_checkpoint_rerun/configs/rerun_000_source_93/policy_final.pt,689ed3bc4eacbde87049309fe6a37182cffa1baa03338b8ed653ebab516854fc,0.2,"{""entropy_coef"":0.01,""lr"":3e-05,""opponent_mode"":""rulebase"",""rule_kl_coef"":0.01}",rulebase/rule_kl=0.01/entropy=0.01/lr=3e-05,reports/keqingrl_discard_research_20260425_candidates_checkpoint_rerun/configs/rerun_000_source_93/config.json,0.005,16,1,0.003,1.0,3.004815101623535,139,209,0.8600823045267489,rulebase,3.0,3.005000114440918,3.009999990463257,10,168,139,29,0.0,tempered_current_logits,0,1.0000001192092896,-0.18126682937145233,-1.5,0.8196534514427185,1.0,0.0,-1.5,16,0.3008902966976166,202605300016,0.001,0.25,[0.25],keqingrl_rule_score_scale_v1,0.0,0ce0e692b530f10d,config=10:iter=1:base=202605300016:stride=1:count=16,139,0.12097982942690085,0.6473202705383301,"{""1"":34,""10"":21,""11"":20,""12"":10,""13"":4,""2"":18,""3"":19,""4"":14,""5"":19,""6"":16,""7"":20,""8"":24,""9"":24}",6.271604938271605,0.13991769547325103,93,0.018573395907878876,0.30041152238845825,-0.01225532591342926,0.5826408863067627,202605300001,243,0.3711265027523041,0.34961724281311035,0.7370815277099609,0.9825001955032349,0.19694584608078003,0.8765432238578796,0.7500513792037964,0.75,0.12345679104328156,0.03188101202249527,0.37037035822868347,243,0.7168620824813843,0.716541051864624,0.7490048408508301,0.1105913370847702,0.029340865090489388,1.0,0.7500513792037964,0.75,0.0,4,0.0
3.6718883514404297,0.9957725405693054,-1.1047207117080688,0.19913419913419914,0.8008658008658008,1.119389533996582,0.0,231,1.25,reports/keqingrl_discard_research_20260425_candidates_checkpoint_rerun/configs/rerun_000_source_93/policy_final.pt,689ed3bc4eacbde87049309fe6a37182cffa1baa03338b8ed653ebab516854fc,0.2,"{""entropy_coef"":0.01,""lr"":3e-05,""opponent_mode"":""rulebase"",""rule_kl_coef"":0.01}",rulebase/rule_kl=0.01/entropy=0.01/lr=3e-05,reports/keqingrl_discard_research_20260425_candidates_checkpoint_rerun/configs/rerun_000_source_93/config.json,0.005,16,2,0.003,1.0,3.0039219856262207,145,182,0.7878787878787878,rulebase,3.0,3.003000020980835,3.009000062942505,10,185,145,40,0.0,tempered_current_logits,0,1.0,-0.9169985055923462,-1.8968837261199951,0.8576436042785645,1.0,-0.034632034599781036,-1.5,16,0.32714787125587463,202605300032,0.001,0.25,[0.25],keqingrl_rule_score_scale_v1,0.0,81886bf7f97b6ede,config=10:iter=2:base=202605300032:stride=1:count=16,145,0.16515632419649398,0.6686332821846008,"{""1"":49,""10"":16,""11"":18,""12"":9,""13"":1,""2"":21,""3"":23,""4"":18,""5"":16,""6"":12,""7"":16,""8"":18,""9"":14}",5.3896103896103895,0.21212121212121213,93,0.003990690689533949,0.051948051899671555,-0.01461891271173954,0.5784053206443787,202605300002,231,0.4337133467197418,0.423158198595047,0.7609531879425049,1.2703607082366943,0.3044389486312866,0.8917748928070068,0.7500389218330383,0.75,0.10822510719299316,0.014018727466464043,0.14718614518642426,231,0.45380231738090515,0.4552631378173828,0.7814681529998779,0.97150719165802,0.1875096559524536,0.9523809552192688,0.7500389218330383,0.75,0.0476190485060215,4,0.0
1.4945576190948486,0.42766904830932617,-1.374450445175171,0.16589861751152074,0.8341013824884793,0.706500768661499,0.0,217,1.25,reports/keqingrl_discard_research_20260425_candidates_checkpoint_rerun/configs/rerun_000_source_93/policy_final.pt,689ed3bc4eacbde87049309fe6a37182cffa1baa03338b8ed653ebab516854fc,0.2,"{""entropy_coef"":0.01,""lr"":3e-05,""opponent_mode"":""rulebase"",""rule_kl_coef"":0.01}",rulebase/rule_kl=0.01/entropy=0.01/lr=3e-05,reports/keqingrl_discard_research_20260425_candidates_checkpoint_rerun/configs/rerun_000_source_93/config.json,0.005,16,0,0.003,1.0,3.004207134246826,147,181,0.8341013824884793,rulebase,3.0,3.003999948501587,3.009999990463257,11,181,147,34,0.0,tempered_current_logits,0,1.0,0.17679543793201447,-1.5,0.6763896942138672,1.0,0.0138248847797513,-1.5,16,0.2754010558128357,202605400000,0.005,0.25,[0.25],keqingrl_rule_score_scale_v1,0.0,d0a9867d1af97da8,config=11:iter=0:base=202605400000:stride=1:count=16,147,0.1373928574081253,0.6473202705383301,"{""1"":36,""10"":13,""11"":16,""12"":8,""13"":4,""2"":19,""3"":18,""4"":18,""5"":17,""6"":26,""7"":15,""8"":18,""9"":9}",5.645161290322581,0.16589861751152074,93,0.00025503963115625083,0.0,-0.005185484886169434,0.5621472001075745,202605400000,217,0.679872989654541,0.6710907816886902,0.739163339138031,0.11360753327608109,0.022309189662337303,1.0,0.7500495314598083,0.75,0.0,0.001896749483421445,0.0,217,0.7500423789024353,0.7499986290931702,0.7502444982528687,0.0002223692717961967,0.00011528073810040951,1.0,0.7500495314598083,0.75,0.0,4,0.0
1.7120373249053955,0.27538180351257324,-1.1986496448516846,0.3302752293577982,0.6697247706422018,0.8457733988761902,0.0,218,1.25,reports/keqingrl_discard_research_20260425_candidates_checkpoint_rerun/configs/rerun_000_source_93/policy_final.pt,689ed3bc4eacbde87049309fe6a37182cffa1baa03338b8ed653ebab516854fc,0.2,"{""entropy_coef"":0.01,""lr"":3e-05,""opponent_mode"":""rulebase"",""rule_kl_coef"":0.01}",rulebase/rule_kl=0.01/entropy=0.01/lr=3e-05,reports/keqingrl_discard_research_20260425_candidates_checkpoint_rerun/configs/rerun_000_source_93/config.json,0.005,16,1,0.003,1.0,3.0041146278381348,122,184,0.8440366972477065,rulebase,3.0,3.003000020980835,3.009000062942505,11,146,122,24,0.0,tempered_current_logits,0,1.0,-0.16897223889827728,-1.5,0.7903609871864319,1.0,-0.00917431153357029,-1.5,16,0.2950792908668518,202605400016,0.005,0.25,[0.25],keqingrl_rule_score_scale_v1,0.0,f951f69159673cea,config=11:iter=1:base=202605400016:stride=1:count=16,122,0.13063954262045818,0.6474446654319763,"{""1"":34,""10"":16,""11"":12,""12"":6,""13"":6,""2"":20,""3"":15,""4"":26,""5"":19,""6"":20,""7"":19,""8"":16,""9"":9}",5.605504587155964,0.1559633027522936,93,0.01750728115439415,0.27981650829315186,-0.021740972995758057,0.5753511190414429,202605400001,218,0.30914828181266785,0.2862336337566376,0.7264035940170288,1.2266041040420532,0.4223404824733734,0.7431192398071289,0.7500263452529907,0.75,0.2568807303905487,0.03061663918197155,0.4403669834136963,218,0.6977834701538086,0.6992975473403931,0.7469440698623657,0.11754082888364792,0.019867513328790665,1.0,0.7500263452529907,0.75,0.0,4,0.0
1.754752278327942,0.47476059198379517,-1.151940107345581,0.25,0.75,0.8051075339317322,0.0,244,1.25,reports/keqingrl_discard_research_20260425_candidates_checkpoint_rerun/configs/rerun_000_source_93/policy_final.pt,689ed3bc4eacbde87049309fe6a37182cffa1baa03338b8ed653ebab516854fc,0.2,"{""entropy_coef"":0.01,""lr"":3e-05,""opponent_mode"":""rulebase"",""rule_kl_coef"":0.01}",rulebase/rule_kl=0.01/entropy=0.01/lr=3e-05,reports/keqingrl_discard_research_20260425_candidates_checkpoint_rerun/configs/rerun_000_source_93/config.json,0.005,16,2,0.003,1.0,3.0044875144958496,157,210,0.860655737704918,rulebase,3.0,3.003999948501587,3.009000062942505,11,183,157,26,0.0,tempered_current_logits,0,1.0,-0.005211320240050554,-1.5,0.7563507556915283,1.0,0.006147541105747223,-1.5,16,0.28081247210502625,202605400032,0.005,0.25,[0.25],keqingrl_rule_score_scale_v1,0.0,4c02eb2bb6a40d37,config=11:iter=2:base=202605400032:stride=1:count=16,157,0.11919499026825194,0.6472995281219482,"{""1"":34,""10"":27,""11"":17,""12"":7,""13"":1,""2"":15,""3"":24,""4"":27,""5"":13,""6"":20,""7"":16,""8"":24,""9"":19}",5.975409836065574,0.13934426229508196,93,0.007139774039387703,0.07786884903907776,-0.02619214542210102,0.5775057673454285,202605400002,244,0.3944697976112366,0.3885847330093384,0.750184178352356,1.939379096031189,0.7401968836784363,0.7827869057655334,0.7500379085540771,0.75,0.21721310913562775,0.01564955897629261,0.30327868461608887,244,0.3721374273300171,0.32034218311309814,0.7535980343818665,1.18496572971344,0.4467524588108063,0.8073770403862,0.7500379085540771,0.75,0.19262294471263885,4,0.0
1.4130936861038208,-0.0010284215677529573,-1.2173864841461182,0.42916666666666664,0.5708333333333333,0.8483538627624512,0.0,240,1.25,reports/keqingrl_discard_research_20260425_candidates_checkpoint_rerun/configs/rerun_000_source_93/policy_final.pt,689ed3bc4eacbde87049309fe6a37182cffa1baa03338b8ed653ebab516854fc,0.1,"{""entropy_coef"":0.01,""lr"":3e-05,""opponent_mode"":""rulebase"",""rule_kl_coef"":0.01}",rulebase/rule_kl=0.01/entropy=0.01/lr=3e-05,reports/keqingrl_discard_research_20260425_candidates_checkpoint_rerun/configs/rerun_000_source_93/config.json,0.005,16,0,0.003,1.0,3.0046372413635254,116,208,0.8666666666666667,rulebase,3.0,3.005000114440918,3.009999990463257,12,137,116,21,0.0,tempered_current_logits,0,1.0,-0.2439853847026825,-1.5,0.8558107614517212,1.0,-0.02291666716337204,-1.5,16,0.3137405812740326,202605500000,0.001,0.25,[0.25],keqingrl_rule_score_scale_v1,0.0,d63e5cc7d3df6b2c,config=12:iter=0:base=202605500000:stride=1:count=16,116,0.11612933092595389,0.6273432970046997,"{""1"":32,""10"":17,""11"":23,""12"":7,""13"":5,""2"":21,""3"":13,""4"":21,""5"":18,""6"":21,""7"":19,""8"":26,""9"":17}",6.1625,0.13333333333333333,93,0.0027676348108798265,0.18333333730697632,-0.013386964797973633,0.5526372790336609,202605500000,240,0.6307844519615173,0.6337226629257202,0.7433286905288696,0.33138352632522583,0.07840528339147568,1.0,0.7500301599502563,0.75,0.0,0.005947698373347521,0.3541666567325592,240,0.7500337958335876,0.7500143647193909,0.7501930594444275,0.0002385335392318666,0.00011573552183108404,1.0,0.7500301599502563,0.75,0.0,8,0.0
2.1022284030914307,0.7037690281867981,-1.08473801612854,0.20416666666666666,0.7958333333333333,0.8198860287666321,0.0,240,1.25,reports/keqingrl_discard_research_20260425_candidates_checkpoint_rerun/configs/rerun_000_source_93/policy_final.pt,689ed3bc4eacbde87049309fe6a37182cffa1baa03338b8ed653ebab516854fc,0.1,"{""entropy_coef"":0.01,""lr"":3e-05,""opponent_mode"":""rulebase"",""rule_kl_coef"":0.01}",rulebase/rule_kl=0.01/entropy=0.01/lr=3e-05,reports/keqingrl_discard_research_20260425_candidates_checkpoint_rerun/configs/rerun_000_source_93/config.json,0.005,16,1,0.003,1.0,3.004499912261963,161,200,0.8333333333333334,rulebase,3.0,3.003999948501587,3.009999990463257,12,191,161,30,0.0,tempered_current_logits,0,1.0000001192092896,-0.035056281834840775,-1.5,0.7143644690513611,1.0,0.014583333395421505,-1.5,16,0.2676981985569,202605500016,0.001,0.25,[0.25],keqingrl_rule_score_scale_v1,0.0,703dd43efad4ad0e,config=12:iter=1:base=202605500016:stride=1:count=16,161,0.13506171468179673,0.6472995281219482,"{""1"":40,""10"":16,""11"":11,""12"":11,""13"":7,""14"":1,""2"":14,""3"":16,""4"":26,""5"":19,""6"":16,""7"":22,""8"":22,""9"":19}",5.958333333333333,0.16666666666666666,93,0.0034164711833000183,0.22499999403953552,-0.0250211413949728,0.5466747283935547,202605500001,240,0.6154006123542786,0.6279559135437012,0.7505359053611755,0.5318335294723511,0.09418748319149017,1.0,0.750037431716919,0.75,0.0,0.007098974660038948,0.36250001192092896,240,0.6174207329750061,0.623039722442627,0.7381078004837036,0.3134237825870514,0.07885953783988953,1.0,0.750037431716919,0.75,0.0,8,0.0
2.0388431549072266,-0.03083057701587677,-1.1286675930023193,0.6331877729257642,0.36681222707423583,0.9096251726150513,0.0,229,1.25,reports/keqingrl_discard_research_20260425_candidates_checkpoint_rerun/configs/rerun_000_source_93/policy_final.pt,689ed3bc4eacbde87049309fe6a37182cffa1baa03338b8ed653ebab516854fc,0.1,"{""entropy_coef"":0.01,""lr"":3e-05,""opponent_mode"":""rulebase"",""rule_kl_coef"":0.01}",rulebase/rule_kl=0.01/entropy=0.01/lr=3e-05,reports/keqingrl_discard_research_20260425_candidates_checkpoint_rerun/configs/rerun_000_source_93/config.json,0.005,16,2,0.003,1.0,3.004751205444336,76,199,0.868995633187773,rulebase,3.0,3.005000114440918,3.009999990463257,12,84,76,8,0.0,tempered_current_logits,0,1.0000001192092896,-0.6979007720947266,-1.5,0.8361622095108032,1.0,-0.052401747554540634,-1.5,16,0.3519824147224426,202605500032,0.001,0.25,[0.25],keqingrl_rule_score_scale_v1,0.0,14537e419e69b4e0,config=12:iter=2:base=202605500032:stride=1:count=16,76,0.11392833463294537,0.647278904914856,"{""1"":30,""10"":17,""11"":17,""12"":12,""13"":6,""2"":17,""3"":19,""4"":16,""5"":16,""6"":14,""7"":25,""8"":24,""9"":16}",6.283842794759825,0.13100436681222707,93,0.0042721908539533615,0.24890829622745514,-0.03363815322518349,0.561425507068634,202605500002,229,0.5028389096260071,0.5165320634841919,0.7462108135223389,0.6976974606513977,0.14354616403579712,0.9868995547294617,0.7500316500663757,0.75,0.013100436888635159,0.007943764328956604,0.40611353516578674,229,0.6252541542053223,0.6401177644729614,0.746176540851593,0.5102154016494751,0.08875440806150436,1.0,0.7500316500663757,0.75,0.0,8,0.0
1.3922297954559326,-0.062111660838127136,-1.31068754196167,0.49193548387096775,0.5080645161290323,0.8540915250778198,0.0,248,1.25,reports/keqingrl_discard_research_20260425_candidates_checkpoint_rerun/configs/rerun_000_source_93/policy_final.pt,689ed3bc4eacbde87049309fe6a37182cffa1baa03338b8ed653ebab516854fc,0.1,"{""entropy_coef"":0.01,""lr"":3e-05,""opponent_mode"":""rulebase"",""rule_kl_coef"":0.01}",rulebase/rule_kl=0.01/entropy=0.01/lr=3e-05,reports/keqingrl_discard_research_20260425_candidates_checkpoint_rerun/configs/rerun_000_source_93/config.json,0.005,16,0,0.003,1.0,3.004709482192993,114,214,0.8629032258064516,rulebase,3.0,3.005000114440918,3.009000062942505,13,126,114,12,0.0,tempered_current_logits,0,1.0,-0.3103725016117096,-1.5,0.8539850115776062,1.0,-0.02217741869390011,-1.5,16,0.30866533517837524,202605600000,0.005,0.25,[0.25],keqingrl_rule_score_scale_v1,0.0,ed5072a990c38e8f,config=13:iter=0:base=202605600000:stride=1:count=16,114,0.11973878938794857,0.6475072503089905,"{""1"":34,""10"":23,""11"":14,""12"":6,""2"":13,""3"":13,""4"":14,""5"":22,""6"":35,""7"":30,""8"":21,""9"":23}",6.112903225806452,0.13709677419354838,93,0.002776655601337552,0.19354838132858276,-0.015272107906639576,0.564104437828064,202605600000,248,0.6079599261283875,0.6098299622535706,0.7531793713569641,0.4321458637714386,0.11835716664791107,1.0,0.750039279460907,0.75,0.0,0.00559233408421278,0.38306450843811035,248,0.7500436902046204,0.7500206232070923,0.7502148747444153,0.00022848602384328842,0.0001265641039935872,1.0,0.750039279460907,0.75,0.0,8,0.0
1.385124921798706,0.13622954487800598,-1.4933406114578247,0.3333333333333333,0.6666666666666666,0.8440473079681396,0.0,234,1.25,reports/keqingrl_discard_research_20260425_candidates_checkpoint_rerun/configs/rerun_000_source_93/policy_final.pt,689ed3bc4eacbde87049309fe6a37182cffa1baa03338b8ed653ebab516854fc,0.1,"{""entropy_coef"":0.01,""lr"":3e-05,""opponent_mode"":""rulebase"",""rule_kl_coef"":0.01}",rulebase/rule_kl=0.01/entropy=0.01/lr=3e-05,reports/keqingrl_discard_research_20260425_candidates_checkpoint_rerun/configs/rerun_000_source_93/config.json,0.005,16,1,0.003,1.0,3.004162311553955,133,195,0.8333333333333334,rulebase,3.0,3.003000020980835,3.009700059890747,13,156,133,23,0.0,tempered_current_logits,0,1.0,-0.04417700693011284,-1.5,0.818215548992157,1.0,-0.004273504484444857,-1.5,16,0.2959536612033844,202605600016,0.005,0.25,[0.25],keqingrl_rule_score_scale_v1,0.0,e90e4a54da60d7fe,config=13:iter=1:base=202605600016:stride=1:count=16,133,0.1373749915908417,0.6473409533500671,"{""1"":39,""10"":18,""11"":17,""12"":9,""13"":7,""2"":28,""3"":22,""4"":10,""5"":26,""6"":9,""7"":17,""8"":16,""9"":16}",5.735042735042735,0.16666666666666666,93,0.003605676582083106,0.25641027092933655,-0.015113861300051212,0.5486770868301392,202605600001,234,0.6285759806632996,0.6394506692886353,0.7853271961212158,0.5164427161216736,0.1768725961446762,1.0,0.7500192523002625,0.75,0.0,0.00677527068182826,0.3760683834552765,234,0.6364267468452454,0.6505076289176941,0.7661647796630859,0.40220576524734497,0.13194169104099274,1.0,0.7500192523002625,0.75,0.0,8,0.0
1.0831799507141113,-0.10257968306541443,-1.789768934249878,0.3771186440677966,0.6228813559322034,0.8711190819740295,0.0,236,1.25,reports/keqingrl_discard_research_20260425_candidates_checkpoint_rerun/configs/rerun_000_source_93/policy_final.pt,689ed3bc4eacbde87049309fe6a37182cffa1baa03338b8ed653ebab516854fc,0.1,"{""entropy_coef"":0.01,""lr"":3e-05,""opponent_mode"":""rulebase"",""rule_kl_coef"":0.01}",rulebase/rule_kl=0.01/entropy=0.01/lr=3e-05,reports/keqingrl_discard_research_20260425_candidates_checkpoint_rerun/configs/rerun_000_source_93/config.json,0.005,16,2,0.003,1.0,3.0042459964752197,128,200,0.847457627118644,rulebase,3.0,3.003999948501587,3.009999990463257,13,147,128,19,0.0,tempered_current_logits,0,1.0,0.006269731558859348,-1.5,0.8698942065238953,1.0,-0.010593220591545105,-1.5,16,0.3136952817440033,202605600032,0.005,0.25,[0.25],keqingrl_rule_score_scale_v1,0.0,eb30600b1455b44a,config=13:iter=2:base=202605600032:stride=1:count=16,128,0.12806753868679122,0.6472995281219482,"{""1"":36,""10"":15,""11"":11,""12"":10,""13"":4,""14"":1,""2"":14,""3"":30,""4"":21,""5"":18,""6"":21,""7"":23,""8"":17,""9"":15}",5.690677966101695,0.15254237288135594,93,0.0021944125182926655,0.14830508828163147,-0.022259347140789032,0.559207022190094,202605600002,236,0.6174553036689758,0.6317040324211121,0.7535209655761719,0.5489587783813477,0.23121361434459686,1.0,0.7500275373458862,0.75,0.0,0.0038733461406081915,0.2711864411830902,236,0.6000113487243652,0.5857144594192505,0.7595324516296387,0.4740981161594391,0.17497283220291138,1.0,0.7500275373458862,0.75,0.0,8,0.0
1.457637906074524,0.17988458275794983,-1.270059585571289,0.3232758620689655,0.6767241379310345,0.803974986076355,0.0,232,1.25,reports/keqingrl_discard_research_20260425_candidates_checkpoint_rerun/configs/rerun_000_source_93/policy_final.pt,689ed3bc4eacbde87049309fe6a37182cffa1baa03338b8ed653ebab516854fc,0.2,"{""entropy_coef"":0.01,""lr"":3e-05,""opponent_mode"":""rulebase"",""rule_kl_coef"":0.01}",rulebase/rule_kl=0.01/entropy=0.01/lr=3e-05,reports/keqingrl_discard_research_20260425_candidates_checkpoint_rerun/configs/rerun_000_source_93/config.json,0.005,16,0,0.003,1.0,3.0043835639953613,137,198,0.853448275862069,rulebase,3.0,3.003999948501587,3.009000062942505,14,157,137,20,0.0,tempered_current_logits,0,1.0,-0.08847013860940933,-1.5,0.8045974969863892,1.0,-0.006465517450124025,-1.5,16,0.29169762134552,202605700000,0.001,0.25,[0.25],keqingrl_rule_score_scale_v1,0.0,fe94a1219aaf0614,config=14:iter=0:base=202605700000:stride=1:count=16,137,0.12487459234925437,0.6472995281219482,"{""1"":34,""10"":26,""11"":14,""12"":9,""13"":3,""2"":25,""3"":18,""4"":12,""5"":30,""6"":12,""7"":16,""8"":16,""9"":17}",5.870689655172414,0.14655172413793102,93,0.023876234889030457,0.2715517282485962,-0.02393420971930027,0.578528642654419,202605700000,232,0.3313139081001282,0.32591772079467773,0.6402326822280884,0.9076013565063477,0.21651412546634674,0.8448275923728943,0.7500388026237488,0.75,0.1551724076271057,0.03980638086795807,0.4051724076271057,232,0.7500428557395935,0.7500088214874268,0.7502383589744568,0.00022313999943435192,0.00012099546438548714,1.0,0.7500388026237488,0.75,0.0,8,0.0
3.164721965789795,0.9745233058929443,-1.0343844890594482,0.18614718614718614,0.8138528138528138,0.9832369089126587,0.0,231,1.25,reports/keqingrl_discard_research_20260425_candidates_checkpoint_rerun/configs/rerun_000_source_93/policy_final.pt,689ed3bc4eacbde87049309fe6a37182cffa1baa03338b8ed653ebab516854fc,0.2,"{""entropy_coef"":0.01,""lr"":3e-05,""opponent_mode"":""rulebase"",""rule_kl_coef"":0.01}",rulebase/rule_kl=0.01/entropy=0.01/lr=3e-05,reports/keqingrl_discard_research_20260425_candidates_checkpoint_rerun/configs/rerun_000_source_93/config.json,0.005,16,1,0.003,1.0,3.004610061645508,167,202,0.8744588744588745,rulebase,3.0,3.003999948501587,3.009999990463257,14,188,167,21,0.0,tempered_current_logits,0,1.0,-0.4913977384567261,-1.7501472234725952,0.7655024528503418,1.0,-0.0021645021624863148,-1.5,16,0.2652199864387512,202605700016,0.001,0.25,[0.25],keqingrl_rule_score_scale_v1,0.0,26d7ac44b0c5e9b7,config=14:iter=1:base=202605700016:stride=1:count=16,167,0.11249122048578995,0.6475072503089905,"{""1"":29,""10"":17,""11"":18,""12"":10,""13"":4,""14"":1,""2"":24,""3"":20,""4"":21,""5"":14,""6"":17,""7"":25,""8"":18,""9"":13}",5.987012987012987,0.12554112554112554,93,0.008992716670036316,0.14718614518642426,-0.041740477085113525,0.5914477109909058,202605700001,231,0.3046773672103882,0.24893908202648163,0.7410594820976257,0.9451490640640259,0.3473094701766968,0.6753246784210205,0.7500693202018738,0.75,0.3246753215789795,0.019469281658530235,0.28138527274131775,231,0.38449975848197937,0.3703174591064453,0.7107870578765869,0.8437269330024719,0.19796466827392578,0.9134199023246765,0.7500693202018738,0.75,0.08658009022474289,8,0.0
3.2796740531921387,1.1291555166244507,-1.1236485242843628,0.12162162162162163,0.8783783783783784,1.023651361465454,0.0,222,1.25,reports/keqingrl_discard_research_20260425_candidates_checkpoint_rerun/configs/rerun_000_source_93/policy_final.pt,689ed3bc4eacbde87049309fe6a37182cffa1baa03338b8ed653ebab516854fc,0.2,"{""entropy_coef"":0.01,""lr"":3e-05,""opponent_mode"":""rulebase"",""rule_kl_coef"":0.01}",rulebase/rule_kl=0.01/entropy=0.01/lr=3e-05,reports/keqingrl_discard_research_20260425_candidates_checkpoint_rerun/configs/rerun_000_source_93/config.json,0.005,16,2,0.003,1.0,3.004563093185425,167,192,0.8648648648648649,rulebase,3.0,3.003999948501587,3.009000062942505,14,195,167,28,0.0,tempered_current_logits,0,1.0,-0.6711853742599487,-1.7436285018920898,0.8064550161361694,1.0,-0.020270269364118576,-1.5,16,0.3013392388820648,202605700032,0.001,0.25,[0.25],keqingrl_rule_score_scale_v1,0.0,f781c88405f2f858,config=14:iter=2:base=202605700032:stride=1:count=16,167,0.11818319553224084,0.6472995281219482,"{""1"":30,""10"":18,""11"":10,""12"":8,""13"":5,""2"":12,""3"":23,""4"":18,""5"":17,""6"":23,""7"":15,""8"":24,""9"":19}",6.0225225225225225,0.13513513513513514,93,0.016139792278409004,0.29279279708862305,-0.05579128861427307,0.6194506287574768,202605700002,222,0.2754443287849426,0.028336599469184875,0.8220013380050659,1.7193217277526855,0.5570694804191589,0.531531572341919,0.7500259280204773,0.75,0.46846845746040344,0.033798497170209885,0.477477490901947,222,0.2775631844997406,0.10935039818286896,0.796826183795929,0.845578670501709,0.3817099630832672,0.5855855941772461,0.7500259280204773,0.75,0.4144144058227539,8,0.0
1.4269938468933105,0.49835851788520813,-1.176698923110962,0.14107883817427386,0.8589211618257261,0.6243141889572144,0.0,241,1.25,reports/keqingrl_discard_research_20260425_candidates_checkpoint_rerun/configs/rerun_000_source_93/policy_final.pt,689ed3bc4eacbde87049309fe6a37182cffa1baa03338b8ed653ebab516854fc,0.2,"{""entropy_coef"":0.01,""lr"":3e-05,""opponent_mode"":""rulebase"",""rule_kl_coef"":0.01}",rulebase/rule_kl=0.01/entropy=0.01/lr=3e-05,reports/keqingrl_discard_research_20260425_candidates_checkpoint_rerun/configs/rerun_000_source_93/config.json,0.005,16,0,0.003,1.0,3.00443959236145,184,213,0.8838174273858921,rulebase,3.0,3.003999948501587,3.009000062942505,15,207,184,23,0.0,tempered_current_logits,0,1.0,0.2408236861228943,-1.5,0.5964690446853638,1.0,0.031120331957936287,-1.5,16,0.23240219056606293,202605800000,0.005,0.25,[0.25],keqingrl_rule_score_scale_v1,0.0,bd961347eb9dc6f7,config=15:iter=0:base=202605800000:stride=1:count=16,184,0.10405206104500907,0.6272850632667542,"{""1"":28,""10"":15,""11"":15,""12"":6,""13"":3,""14"":3,""2"":23,""3"":20,""4"":15,""5"":29,""6"":22,""7"":21,""8"":17,""9"":24}",5.966804979253112,0.11618257261410789,93,0.010653241537511349,0.17012448608875275,-0.02763386070728302,0.5550756454467773,202605800000,241,0.5073722004890442,0.5310226678848267,0.777880072593689,0.6020382046699524,0.15767835080623627,0.9958506226539612,0.7500394582748413,0.75,0.004149377811700106,0.01827908866107464,0.2531120479106903,241,0.7500336170196533,0.7500025033950806,0.7502127289772034,0.00023513281485065818,0.00012543528282549232,1.0,0.7500394582748413,0.75,0.0,8,0.0
1.2520427703857422,-0.00428954279050231,-1.4350616931915283,0.42436974789915966,0.5756302521008403,0.9047936797142029,0.0,238,1.25,reports/keqingrl_discard_research_20260425_candidates_checkpoint_rerun/configs/rerun_000_source_93/policy_final.pt,689ed3bc4eacbde87049309fe6a37182cffa1baa03338b8ed653ebab516854fc,0.2,"{""entropy_coef"":0.01,""lr"":3e-05,""opponent_mode"":""rulebase"",""rule_kl_coef"":0.01}",rulebase/rule_kl=0.01/entropy=0.01/lr=3e-05,reports/keqingrl_discard_research_20260425_candidates_checkpoint_rerun/configs/rerun_000_source_93/config.json,0.005,16,1,0.003,1.0,3.0043652057647705,107,196,0.8235294117647058,rulebase,3.0,3.003999948501587,3.009000062942505,15,137,107,30,0.0,tempered_current_logits,0,1.0,-0.15130366384983063,-1.5,0.8858689069747925,1.0,-0.018907563760876656,-1.5,16,0.32516908645629883,202605800016,0.005,0.25,[0.25],keqingrl_rule_score_scale_v1,0.0,92aec656c6f41a97,config=15:iter=1:base=202605800016:stride=1:count=16,107,0.14215741256455414,0.6473616361618042,"{""1"":42,""10"":17,""11"":18,""12"":10,""13"":1,""2"":17,""3"":13,""4"":20,""5"":21,""6"":19,""7"":16,""8"":17,""9"":27}",5.907563025210084,0.17647058823529413,93,0.008948806673288345,0.13025210797786713,-0.033696118742227554,0.5509223341941833,202605800001,238,0.4372172951698303,0.4626373052597046,0.7839891910552979,1.5133756399154663,0.34982234239578247,0.9327731132507324,0.7500377893447876,0.75,0.06722689419984818,0.016047075390815735,0.26050421595573425,238,0.5421487092971802,0.5814002156257629,0.773568332195282,0.5061859488487244,0.14342358708381653,1.0,0.7500377893447876,0.75,0.0,8,0.0
1.9886507987976074,0.33215048909187317,-1.117780089378357,0.4107142857142857,0.5892857142857143,0.9172092080116272,0.0,224,1.25,reports/keqingrl_discard_research_20260425_candidates_checkpoint_rerun/configs/rerun_000_source_93/policy_final.pt,689ed3bc4eacbde87049309fe6a37182cffa1baa03338b8ed653ebab516854fc,0.2,"{""entropy_coef"":0.01,""lr"":3e-05,""opponent_mode"":""rulebase"",""rule_kl_coef"":0.01}",rulebase/rule_kl=0.01/entropy=0.01/lr=3e-05,reports/keqingrl_discard_research_20260425_candidates_checkpoint_rerun/configs/rerun_000_source_93/config.json,0.005,16,2,0.003,1.0,3.0046427249908447,118,189,0.84375,rulebase,3.0,3.004499912261963,3.009700059890747,15,132,118,14,0.0,tempered_current_logits,0,1.0,-0.3200676143169403,-1.5,0.8792707920074463,1.0,-0.0223214291036129,-1.5,16,0.3299647867679596,202605800032,0.005,0.25,[0.25],keqingrl_rule_score_scale_v1,0.0,74760ac51ff965e6,config=15:iter=2:base=202605800032:stride=1:count=16,118,0.13057688947135052,0.6472995281219482,"{""1"":35,""10"":23,""11"":17,""12"":9,""13"":4,""2"":21,""3"":13,""4"":21,""5"":15,""6"":12,""7"":14,""8"":18,""9"":22}",6.089285714285714,0.15625,93,0.008713996037840843,0.1473214328289032,-0.034655965864658356,0.5692102909088135,202605800002,224,0.4093654155731201,0.4184149205684662,0.6988904476165771,1.1939748525619507,0.39424535632133484,0.9642857313156128,0.7500290274620056,0.75,0.0357142873108387,0.01384685467928648,0.25,224,0.3948249816894531,0.39797812700271606,0.7567715644836426,1.212822675704956,0.3323298394680023,0.9553571343421936,0.7500290274620056,0.75,0.0446428582072258,8,0.0
