config_id,iteration,seed,rule_kl_coef,entropy_coef,lr,opponent_mode,approx_kl,clip_fraction,entropy,rule_kl,rule_agreement,neural_delta_abs_mean,neural_delta_abs_max,top1_action_changed_rate,rank_pt,fourth_rate,deal_in_rate,batch_size,episode_count,illegal_action_rate,fallback_rate,forced_terminal_missed
0,0,20260425,0.0,0.0,3e-05,rule_prior_greedy,0.0,0.0,1.4437192678451538,2.0196036842889953e-08,1.0,2.142323319276329e-05,6.798114918638021e-05,0.0,1.0,0.0,0.0,36,2,0.0,0.0,0
0,1,20270425,0.0,0.0,3e-05,rule_prior_greedy,3.999841256818737e-12,0.0,1.4438496828079224,1.3662285747173541e-09,1.0,2.5628967705415562e-05,0.00010667680180631578,0.0,-0.5,0.5,0.0,19,2,0.0,0.0,0
0,2,20280425,0.0,0.0,3e-05,rule_prior_greedy,3.6234676283747325e-12,0.0,1.4205408096313477,-1.238516489365793e-08,1.0,3.2098283554660156e-05,0.0001314075052505359,0.0,0.75,0.0,0.0,34,2,0.0,0.0,0
1,0,20360425,0.0,0.0,0.0001,rule_prior_greedy,0.0,0.0,1.5930243730545044,-1.7865948720441338e-08,1.0,8.061647531576455e-05,0.00016169267473742366,0.0,-0.5,0.5,0.0,22,2,0.0,0.0,0
1,1,20370425,0.0,0.0,0.0001,rule_prior_greedy,5.566337321627479e-12,0.0,1.3861298561096191,-3.7681879838658006e-09,1.0,9.888355998555198e-05,0.00020529417088255286,0.0,1.0,0.0,0.0,36,2,0.0,0.0,0
1,2,20380425,0.0,0.0,0.0001,rule_prior_greedy,1.985744901844555e-12,0.0,1.3318521976470947,1.5690046595295826e-08,1.0,0.00015766508295200765,0.00033062431612052023,0.0,1.0,0.0,0.0,36,2,0.0,0.0,0
2,0,20460425,0.0,0.0,0.0003,rule_prior_greedy,0.0,0.0,1.3998842239379883,-1.1450278059044194e-08,1.0,0.0001099125511245802,0.00048477985546924174,0.0,0.75,0.0,0.0,35,2,0.0,0.0,0
2,1,20470425,0.0,0.0,0.0003,rule_prior_greedy,1.2362166845747424e-10,0.0,1.566169023513794,-4.304245848629762e-08,1.0,0.00019153791072312742,0.0006386507302522659,0.0,-0.25,0.5,0.0,34,2,0.0,0.0,0
2,2,20480425,0.0,0.0,0.0003,rule_prior_greedy,8.957033725831565e-11,0.0,1.3368374109268188,1.514863967599922e-08,1.0,0.0002642392064444721,0.0008299921173602343,0.0,0.75,0.0,0.0,30,2,0.0,0.0,0
3,0,20560425,0.0,0.001,3e-05,rule_prior_greedy,0.0,0.0,1.408551812171936,1.3162958500956279e-09,1.0,2.1305508198565803e-05,5.283541395328939e-05,0.0,-0.5,0.5,0.0,23,2,0.0,0.0,0
3,1,20570425,0.0,0.001,3e-05,rule_prior_greedy,1.457167719820518e-13,0.0,1.3574247360229492,3.083687261096202e-08,1.0,2.9747863663942553e-05,6.207296246429905e-05,0.0,-0.5,0.5,0.0,24,2,0.0,0.0,0
3,2,20580425,0.0,0.001,3e-05,rule_prior_greedy,3.864641896431098e-13,0.0,1.3331893682479858,2.6071029779473065e-09,1.0,2.743984805420041e-05,7.106766861397773e-05,0.0,-0.25,0.5,0.0,25,2,0.0,0.0,0
4,0,20660425,0.0,0.001,0.0001,rule_prior_greedy,0.0,0.0,1.502706527709961,-1.1924384812900257e-09,1.0,7.783343608025461e-05,0.0002082552236970514,0.0,-0.25,0.5,0.0,35,2,0.0,0.0,0
4,1,20670425,0.0,0.001,0.0001,rule_prior_greedy,2.532891257844838e-11,0.0,1.4793522357940674,-2.6203117897694028e-08,1.0,0.0001887057878775522,0.0003973906277678907,0.0,-0.25,0.5,0.0,36,2,0.0,0.0,0
4,2,20680425,0.0,0.001,0.0001,rule_prior_greedy,5.2312820741917676e-11,0.0,1.4260427951812744,1.7518111405934178e-08,1.0,0.00022250889742281288,0.0006384494481608272,0.0,-0.5,0.5,0.0,17,2,0.0,0.0,0
5,0,20760425,0.0,0.001,0.0003,rule_prior_greedy,0.0,0.0,1.4217243194580078,-2.1906190750264898e-10,1.0,0.00012870252248831093,0.0003513644332997501,0.0,1.0,0.0,0.0,36,2,0.0,0.0,0
5,1,20770425,0.0,0.001,0.0003,rule_prior_greedy,1.533056841196423e-11,0.0,1.3974498510360718,2.7873118924048867e-08,1.0,0.00015138807066250592,0.0004864336224272847,0.0,-0.25,0.5,0.0,35,2,0.0,0.0,0
5,2,20780425,0.0,0.001,0.0003,rule_prior_greedy,1.6288845272605101e-10,0.0,1.3724206686019897,8.745662527509523e-10,1.0,0.0003107711090706289,0.0009710388840176165,0.0,-0.5,0.5,0.0,31,2,0.0,0.0,0
6,0,20860425,0.0,0.005,3e-05,rule_prior_greedy,0.0,0.0,1.4649667739868164,-2.061310455658827e-09,1.0,1.4542006283591036e-05,4.630566400010139e-05,0.0,-0.5,0.5,0.0,23,2,0.0,0.0,0
6,1,20870425,0.0,0.005,3e-05,rule_prior_greedy,8.918643818259242e-13,0.0,1.576759934425354,3.0227966796303463e-09,1.0,2.8452010155888274e-05,8.75767000252381e-05,0.0,-1.5,1.0,0.0,20,2,0.0,0.0,0
6,2,20880425,0.0,0.005,3e-05,rule_prior_greedy,5.2182173512771435e-12,0.0,1.4377700090408325,-1.0873073996719995e-08,1.0,2.536308966227807e-05,8.547771722078323e-05,0.0,-0.25,0.5,0.0,21,2,0.0,0.0,0
7,0,20960425,0.0,0.005,0.0001,rule_prior_greedy,0.0,0.0,1.55391526222229,-2.847685465212635e-08,1.0,0.0001009026454994455,0.00032800284679979086,0.0,-0.25,0.5,0.0,30,2,0.0,0.0,0
7,1,20970425,0.0,0.005,0.0001,rule_prior_greedy,1.9228887579436638e-11,0.0,1.426566481590271,2.2422359080565002e-08,1.0,0.00010504198144190013,0.00033746956614777446,0.0,-0.25,0.5,0.0,33,2,0.0,0.0,0
7,2,20980425,0.0,0.005,0.0001,rule_prior_greedy,1.3688085387375537e-11,0.0,1.3373514413833618,-2.485449068778678e-10,1.0,0.00020473130280151963,0.0005275777657516301,0.0,-0.25,0.5,0.0,29,2,0.0,0.0,0
8,0,21060425,0.0,0.005,0.0003,rule_prior_greedy,0.0,0.0,1.382883906364441,-7.652764644205945e-09,1.0,0.0001996087667066604,0.000450184044893831,0.0,-1.5,1.0,0.0,28,2,0.0,0.0,0
8,1,21070425,0.0,0.005,0.0003,rule_prior_greedy,3.708692034032346e-11,0.0,1.5711053609848022,-2.9423388170357612e-08,1.0,0.00028955191373825073,0.0007724851602688432,0.0,-0.5,0.5,0.0,25,2,0.0,0.0,0
8,2,21080425,0.0,0.005,0.0003,rule_prior_greedy,3.456469832574527e-11,0.0,1.4891453981399536,-5.3919970710580856e-09,1.0,0.0002895162033382803,0.0007852876442484558,0.0,-0.5,0.5,0.0,32,2,0.0,0.0,0
9,0,21160425,0.0,0.01,3e-05,rule_prior_greedy,0.0,0.0,1.4079087972640991,2.5043030760230067e-08,1.0,5.144503666087985e-05,9.931540989782661e-05,0.0,-0.5,0.5,0.0,24,2,0.0,0.0,0
9,1,21170425,0.0,0.01,3e-05,rule_prior_greedy,6.079417026218226e-13,0.0,1.445465326309204,-1.956183304230308e-08,1.0,6.149996625026688e-05,0.00013523836969397962,0.0,-1.5,1.0,0.0,27,2,0.0,0.0,0
9,2,21180425,0.0,0.01,3e-05,rule_prior_greedy,1.2054734380845256e-12,0.0,1.405948281288147,2.658406117461709e-08,1.0,7.230169285321608e-05,0.0001648134784772992,0.0,0.75,0.0,0.0,33,2,0.0,0.0,0
10,0,21260425,0.0,0.01,0.0001,rule_prior_greedy,0.0,0.0,1.4067190885543823,1.736301213917102e-09,1.0,2.9979557439219207e-05,0.00011040866957046092,0.0,1.0,0.0,0.0,36,2,0.0,0.0,0
10,1,21270425,0.0,0.01,0.0001,rule_prior_greedy,1.4081763099332845e-12,0.0,1.370076060295105,-1.8048906369472206e-08,1.0,4.754780820803717e-05,0.00018913950771093369,0.0,-1.5,1.0,0.0,29,2,0.0,0.0,0
10,2,21280425,0.0,0.01,0.0001,rule_prior_greedy,3.914658527892634e-12,0.0,1.4285800457000732,1.47069147971024e-08,1.0,0.00010743126040324569,0.00039524471503682435,0.0,-0.25,0.5,0.0,36,2,0.0,0.0,0
11,0,21360425,0.0,0.01,0.0003,rule_prior_greedy,0.0,0.0,1.3331025838851929,-4.392354213678118e-08,1.0,0.0005402030074037611,0.0012160302139818668,0.0,0.75,0.0,0.0,27,2,0.0,0.0,0
11,1,21370425,0.0,0.01,0.0003,rule_prior_greedy,3.225647526861053e-11,0.0,1.4424248933792114,-1.347356115566356e-09,1.0,0.0011324153747409582,0.0022198427468538284,0.0,-0.5,0.5,0.0,33,2,0.0,0.0,0
11,2,21380425,0.0,0.01,0.0003,rule_prior_greedy,5.036844274997065e-10,0.0,1.5630097389221191,-3.1904860975373595e-08,1.0,0.0016526073450222611,0.003482153872027993,0.0,-1.5,1.0,0.0,25,2,0.0,0.0,0
12,0,21460425,0.001,0.0,3e-05,rule_prior_greedy,0.0,0.0,1.4583797454833984,-2.9171853821452487e-09,1.0,3.567485327948816e-05,6.807575846323743e-05,0.0,-0.5,0.5,0.0,24,2,0.0,0.0,0
12,1,21470425,0.001,0.0,3e-05,rule_prior_greedy,1.8062276934543986e-12,0.0,1.3095611333847046,-3.675579174355903e-09,1.0,6.982890045037493e-05,0.00011388584243832156,0.0,-0.25,0.5,0.0,19,2,0.0,0.0,0
12,2,21480425,0.001,0.0,3e-05,rule_prior_greedy,8.335267697411053e-13,0.0,1.5877025127410889,-4.625346861075741e-08,1.0,9.410305210622028e-05,0.00014264596393331885,0.0,-0.25,0.5,0.0,31,2,0.0,0.0,0
13,0,21560425,0.001,0.0,0.0001,rule_prior_greedy,0.0,0.0,1.4091726541519165,-1.4634063405516429e-10,1.0,0.00020645299809984863,0.00033984624315053225,0.0,0.75,0.0,0.0,31,2,0.0,0.0,0
13,1,21570425,0.001,0.0,0.0001,rule_prior_greedy,1.5981179921076283e-11,0.0,1.5018230676651,-1.180183062388096e-09,1.0,0.0003784435975831002,0.0006723828846588731,0.0,-0.5,0.5,0.0,12,2,0.0,0.0,0
13,2,21580425,0.001,0.0,0.0001,rule_prior_greedy,5.752104695333493e-11,0.0,1.4033185243606567,-2.0581104820394103e-08,1.0,0.0004666801542043686,0.0009247239795513451,0.0,-0.5,0.5,0.0,25,2,0.0,0.0,0
14,0,21660425,0.001,0.0,0.0003,rule_prior_greedy,0.0,0.0,1.4273242950439453,-1.2137537197531856e-08,1.0,0.00011310079571558163,0.00034502032212913036,0.0,0.75,0.0,0.0,22,2,0.0,0.0,0
14,1,21670425,0.001,0.0,0.0003,rule_prior_greedy,3.096339504238266e-11,0.0,1.2749544382095337,-3.233617817954837e-08,1.0,0.0003260622324887663,0.0008870525634847581,0.0,0.75,0.0,0.0,27,2,0.0,0.0,0
14,2,21680425,0.001,0.0,0.0003,rule_prior_greedy,4.2861679483419124e-11,0.0,1.466827392578125,-1.240671232416446e-09,1.0,0.00038231341750361025,0.0009464790928177536,0.0,-0.5,0.5,0.0,25,2,0.0,0.0,0
15,0,21760425,0.001,0.001,3e-05,rule_prior_greedy,0.0,0.0,1.4977480173110962,2.8475332314314983e-08,1.0,6.12060830462724e-06,2.3411281290464103e-05,0.0,-0.5,0.5,0.0,24,2,0.0,0.0,0
15,1,21770425,0.001,0.001,3e-05,rule_prior_greedy,1.6715517587705814e-13,0.0,1.4494050741195679,-2.982662294925831e-08,1.0,3.5746012144954875e-05,8.785927639110014e-05,0.0,-0.5,0.5,0.0,25,2,0.0,0.0,0
15,2,21780425,0.001,0.001,3e-05,rule_prior_greedy,4.532882044976788e-13,0.0,1.4862844944000244,-8.02312882797196e-09,1.0,8.151507063303143e-05,0.00014071051555220038,0.0,-0.5,0.5,0.0,21,2,0.0,0.0,0
16,0,21860425,0.001,0.001,0.0001,rule_prior_greedy,0.0,0.0,1.4909111261367798,-3.1239896003398826e-08,1.0,4.5149510697228834e-05,0.00015276478370651603,0.0,-0.5,0.5,0.0,27,2,0.0,0.0,0
16,1,21870425,0.001,0.001,0.0001,rule_prior_greedy,1.6964207816272392e-12,0.0,1.441147804260254,-3.5013243859793874e-08,1.0,3.63924955308903e-05,0.00012291943130549043,0.0,-0.25,0.5,0.0,31,2,0.0,0.0,0
16,2,21880425,0.001,0.001,0.0001,rule_prior_greedy,5.157976476488635e-12,0.0,1.3337788581848145,-7.75522668305939e-09,1.0,8.493188943248242e-05,0.00023150102060753852,0.0,0.5,0.0,0.0,26,2,0.0,0.0,0
17,0,21960425,0.001,0.001,0.0003,rule_prior_greedy,0.0,0.0,1.2329509258270264,1.0409962669655215e-08,1.0,9.034526738105342e-05,0.00029128562891855836,0.0,1.0,0.0,0.0,36,2,0.0,0.0,0
17,1,21970425,0.001,0.001,0.0003,rule_prior_greedy,1.2371676599842729e-11,0.0,1.5574793815612793,6.31311314336358e-09,1.0,0.0004033533623442054,0.0009412460494786501,0.0,-1.5,1.0,0.0,26,2,0.0,0.0,0
17,2,21980425,0.001,0.001,0.0003,rule_prior_greedy,1.8064398935035975e-11,0.0,1.3859832286834717,-1.527670967504946e-08,1.0,0.0007499397033825517,0.0012540202587842941,0.0,-0.25,0.5,0.0,34,2,0.0,0.0,0
18,0,22060425,0.001,0.005,3e-05,rule_prior_greedy,0.0,0.0,1.4500832557678223,-5.961434679235822e-10,1.0,3.137370367767289e-05,7.017450116109103e-05,0.0,0.75,0.0,0.0,30,2,0.0,0.0,0
18,1,22070425,0.001,0.005,3e-05,rule_prior_greedy,1.465034961834616e-13,0.0,1.4496053457260132,6.915296026782647e-12,1.0,5.7611396186985075e-05,0.00011231044481974095,0.0,0.75,0.0,0.0,29,2,0.0,0.0,0
18,2,22080425,0.001,0.005,3e-05,rule_prior_greedy,9.428806476904916e-13,0.0,1.402048945426941,4.832884314964758e-09,1.0,9.236921323463321e-05,0.00018282129894942045,0.0,0.75,0.0,0.0,28,2,0.0,0.0,0
19,0,22160425,0.001,0.005,0.0001,rule_prior_greedy,0.0,0.0,1.368939995765686,2.337251814310548e-08,1.0,0.00010111464507644996,0.0002626794739626348,0.0,-0.25,0.5,0.0,31,2,0.0,0.0,0
19,1,22170425,0.001,0.005,0.0001,rule_prior_greedy,1.4280219368112412e-11,0.0,1.4296238422393799,6.8919927542765436e-09,1.0,0.00022133129823487252,0.0006025937618687749,0.0,1.0,0.0,0.0,36,2,0.0,0.0,0
19,2,22180425,0.001,0.005,0.0001,rule_prior_greedy,3.005181867243856e-11,0.0,1.5789614915847778,-1.9871924106240613e-09,1.0,0.00017166859470307827,0.0004983805119991302,0.0,-0.5,0.5,0.0,25,2,0.0,0.0,0
20,0,22260425,0.001,0.005,0.0003,rule_prior_greedy,0.0,0.0,1.4545416831970215,-1.68366764974337e-09,1.0,0.00022219237871468067,0.0006401338032446802,0.0,-0.25,0.5,0.0,33,2,0.0,0.0,0
20,1,22270425,0.001,0.005,0.0003,rule_prior_greedy,1.6176249575949875e-11,0.0,1.3467841148376465,5.859822849174634e-09,1.0,0.0003527164808474481,0.0010295300744473934,0.0,-1.5,1.0,0.0,31,2,0.0,0.0,0
20,2,22280425,0.001,0.005,0.0003,rule_prior_greedy,4.131056885459117e-10,0.0,1.3768036365509033,4.626502736471139e-09,1.0,0.0002760195638984442,0.000905665336176753,0.0,-1.5,1.0,0.0,27,2,0.0,0.0,0
21,0,22360425,0.001,0.01,3e-05,rule_prior_greedy,0.0,0.0,1.326186180114746,2.1905892211293576e-08,1.0,1.1774879567383323e-05,3.987302625318989e-05,0.0,-0.5,0.5,0.0,23,2,0.0,0.0,0
21,1,22370425,0.001,0.01,3e-05,rule_prior_greedy,2.6434028035059176e-13,0.0,1.5290429592132568,-2.162365220215179e-08,1.0,2.61103778029792e-05,7.607806765008718e-05,0.0,-0.25,0.5,0.0,29,2,0.0,0.0,0
21,2,22380425,0.001,0.01,3e-05,rule_prior_greedy,1.6211158934339998e-12,0.0,1.4841883182525635,-3.353462929567286e-08,1.0,3.057156573049724e-05,9.399563714396209e-05,0.0,-0.25,0.5,0.0,35,2,0.0,0.0,0
22,0,22460425,0.001,0.01,0.0001,rule_prior_greedy,0.0,0.0,1.3930914402008057,2.6707462907893387e-09,1.0,0.00025290652411058545,0.0003791841445490718,0.0,-0.25,0.5,0.0,30,2,0.0,0.0,0
22,1,22470425,0.001,0.01,0.0001,rule_prior_greedy,5.833375015668052e-12,0.0,1.4959702491760254,-2.087116079962925e-08,1.0,0.00043614779133349657,0.0006168902618810534,0.0,0.75,0.0,0.0,27,2,0.0,0.0,0
22,2,22480425,0.001,0.01,0.0001,rule_prior_greedy,5.281700857923122e-12,0.0,1.4737486839294434,-2.3971566065483785e-08,1.0,0.00047125539276748896,0.0005930962506681681,0.0,-1.5,1.0,0.0,33,2,0.0,0.0,0
23,0,22560425,0.001,0.01,0.0003,rule_prior_greedy,0.0,0.0,1.455312728881836,6.994224310830077e-09,1.0,0.000691340072080493,0.0012889563804492354,0.0,-1.5,1.0,0.0,26,2,0.0,0.0,0
23,1,22570425,0.001,0.01,0.0003,rule_prior_greedy,3.380624391535747e-10,0.0,1.3254531621932983,1.156337248175987e-08,1.0,0.001257111318409443,0.002251738915219903,0.0,1.0,0.0,0.0,36,2,0.0,0.0,0
23,2,22580425,0.001,0.01,0.0003,rule_prior_greedy,9.888899699106446e-10,0.0,1.4600143432617188,-3.702336659472394e-09,1.0,0.001568643725477159,0.003078668611124158,0.0,-0.5,0.5,0.0,31,2,0.0,0.0,0
24,0,22660425,0.01,0.0,3e-05,rule_prior_greedy,0.0,0.0,1.4923816919326782,2.1228339086576398e-09,1.0,3.909338192897849e-05,7.320485019590706e-05,0.0,0.75,0.0,0.0,31,2,0.0,0.0,0
24,1,22670425,0.01,0.0,3e-05,rule_prior_greedy,1.1530170264742456e-13,0.0,1.4136780500411987,-1.2517485714624854e-08,1.0,3.8573773053940386e-05,0.00010596976790111512,0.0,-0.25,0.5,0.0,33,2,0.0,0.0,0
24,2,22680425,0.01,0.0,3e-05,rule_prior_greedy,1.1470190032156213e-12,0.0,1.5243253707885742,-1.7459711898482055e-08,1.0,3.171806747559458e-05,0.00012863482697866857,0.0,0.75,0.0,0.0,35,2,0.0,0.0,0
25,0,22760425,0.01,0.0,0.0001,rule_prior_greedy,0.0,0.0,1.3432295322418213,-1.1649571085570187e-08,1.0,9.945066994987428e-05,0.00016852861153893173,0.0,-0.5,0.5,0.0,31,2,0.0,0.0,0
25,1,22770425,0.01,0.0,0.0001,rule_prior_greedy,3.592470288263372e-13,0.0,1.4635480642318726,-1.9333247891495375e-08,1.0,0.00012758199591189623,0.0002483523858245462,0.0,-1.5,1.0,0.0,21,2,0.0,0.0,0
25,2,22780425,0.01,0.0,0.0001,rule_prior_greedy,4.953679393765453e-12,0.0,1.5337144136428833,-1.7970535282074707e-08,1.0,0.00013684666191693395,0.0002712426648940891,0.0,1.0,0.0,0.0,36,2,0.0,0.0,0
26,0,22860425,0.01,0.0,0.0003,rule_prior_greedy,0.0,0.0,1.431418538093567,-7.486606889983705e-09,1.0,0.0009767820592969656,0.0013013335410505533,0.0,1.0,0.0,0.0,36,2,0.0,0.0,0
26,1,22870425,0.01,0.0,0.0003,rule_prior_greedy,8.835904924398008e-11,0.0,1.5266040563583374,-1.901581470065139e-08,1.0,0.0014230041997507215,0.0019961141515523195,0.0,-0.5,0.5,0.0,28,2,0.0,0.0,0
26,2,22880425,0.01,0.0,0.0003,rule_prior_greedy,1.133148991305788e-10,0.0,1.526048183441162,-7.424461045957287e-09,1.0,0.001618867856450379,0.002211514860391617,0.0,0.75,0.0,0.0,36,2,0.0,0.0,0
27,0,22960425,0.01,0.001,3e-05,rule_prior_greedy,0.0,0.0,1.52281653881073,-2.6189498569806346e-08,1.0,3.078454756177962e-05,5.7022058172151446e-05,0.0,-1.5,1.0,0.0,19,2,0.0,0.0,0
27,1,22970425,0.01,0.001,3e-05,rule_prior_greedy,8.188878177980974e-13,0.0,1.4899623394012451,-3.440537810206479e-08,1.0,3.9900078263599426e-05,8.058467210503295e-05,0.0,-0.25,0.5,0.0,35,2,0.0,0.0,0
27,2,22980425,0.01,0.001,3e-05,rule_prior_greedy,1.8094118868147713e-12,0.0,1.3990898132324219,-1.612130873240858e-08,1.0,4.080784856341779e-05,9.665190009400249e-05,0.0,-0.5,0.5,0.0,30,2,0.0,0.0,0
28,0,23060425,0.01,0.001,0.0001,rule_prior_greedy,0.0,0.0,1.3713808059692383,1.7675267471872758e-08,1.0,0.0002535332750994712,0.0004164774436503649,0.0,0.5,0.0,0.0,31,2,0.0,0.0,0
28,1,23070425,0.01,0.001,0.0001,rule_prior_greedy,1.4374562304353411e-11,0.0,1.5679049491882324,-3.343237509056962e-08,1.0,0.0003092869301326573,0.0006009830394759774,0.0,-1.5,1.0,0.0,22,2,0.0,0.0,0
28,2,23080425,0.01,0.001,0.0001,rule_prior_greedy,6.172201638676711e-11,0.0,1.482274055480957,4.102298944985705e-09,1.0,0.00037142966175451875,0.0007385070202872157,0.0,-1.5,1.0,0.0,27,2,0.0,0.0,0
29,0,23160425,0.01,0.001,0.0003,rule_prior_greedy,0.0,0.0,1.3819102048873901,2.732301496166656e-08,1.0,0.00042818597285076976,0.0007714414387010038,0.0,1.0,0.0,0.0,36,2,0.0,0.0,0
29,1,23170425,0.01,0.001,0.0003,rule_prior_greedy,5.056632890187984e-11,0.0,1.3112092018127441,2.6468569558346644e-08,1.0,0.0006790796760469675,0.001048381207510829,0.0,-0.25,0.5,0.0,36,2,0.0,0.0,0
29,2,23180425,0.01,0.001,0.0003,rule_prior_greedy,8.898258518907909e-11,0.0,1.4685771465301514,-6.864127044536872e-10,1.0,0.0008258278830908239,0.0014810439897701144,0.0,-1.5,1.0,0.0,28,2,0.0,0.0,0
30,0,23260425,0.01,0.005,3e-05,rule_prior_greedy,0.0,0.0,1.4939420223236084,-3.4877860599635824e-08,1.0,2.087739994749427e-05,4.110582449357025e-05,0.0,-0.25,0.5,0.0,35,2,0.0,0.0,0
30,1,23270425,0.01,0.005,3e-05,rule_prior_greedy,6.926403894880195e-14,0.0,1.323593020439148,2.956230105155555e-08,1.0,1.3682833923667204e-05,4.3273994378978387e-05,0.0,0.75,0.0,0.0,32,2,0.0,0.0,0
30,2,23280425,0.01,0.005,3e-05,rule_prior_greedy,4.1267401822142613e-13,0.0,1.4293664693832397,-2.0088547714181004e-08,1.0,2.3170534404926002e-05,7.01016397215426e-05,0.0,-0.25,0.5,0.0,27,2,0.0,0.0,0
31,0,23360425,0.01,0.005,0.0001,rule_prior_greedy,0.0,0.0,1.5853937864303589,-1.688821171796917e-08,1.0,0.0001382916234433651,0.00024609992397017777,0.0,-0.5,0.5,0.0,21,2,0.0,0.0,0
31,1,23370425,0.01,0.005,0.0001,rule_prior_greedy,1.6644781256416885e-12,0.0,1.5258352756500244,-1.301798757680217e-08,1.0,0.00022009504027664661,0.0004097812343388796,0.0,0.75,0.0,0.0,28,2,0.0,0.0,0
31,2,23380425,0.01,0.005,0.0001,rule_prior_greedy,9.73164691192574e-12,0.0,1.340844750404358,-7.31166416301221e-09,1.0,0.00026123266434296966,0.0005507831228896976,0.0,-0.5,0.5,0.0,25,2,0.0,0.0,0
32,0,23460425,0.01,0.005,0.0003,rule_prior_greedy,0.0,0.0,1.338140845298767,-1.355070367026201e-08,1.0,0.00024496758123859763,0.000462601485196501,0.0,0.75,0.0,0.0,32,2,0.0,0.0,0
32,1,23470425,0.01,0.005,0.0003,rule_prior_greedy,8.607581661324026e-12,0.0,1.439211130142212,-2.2080586248307554e-08,1.0,0.0002693177084438503,0.0006036031991243362,0.0,0.5,0.0,0.0,29,2,0.0,0.0,0
32,2,23480425,0.01,0.005,0.0003,rule_prior_greedy,4.921356031029056e-11,0.0,1.2184592485427856,1.4990011010240778e-08,1.0,0.0004044717352371663,0.0007818618323653936,0.0,1.0,0.0,0.0,36,2,0.0,0.0,0
33,0,23560425,0.01,0.01,3e-05,rule_prior_greedy,0.0,0.0,1.3747309446334839,-3.235163692494325e-09,1.0,7.610917236888781e-06,2.198719812440686e-05,0.0,-0.5,0.5,0.0,25,2,0.0,0.0,0
33,1,23570425,0.01,0.01,3e-05,rule_prior_greedy,1.7725285215292041e-13,0.0,1.351231575012207,4.8418518083792605e-09,1.0,1.1585362699406687e-05,4.715548493550159e-05,0.0,0.75,0.0,0.0,29,2,0.0,0.0,0
33,2,23580425,0.01,0.01,3e-05,rule_prior_greedy,3.2440001206113234e-13,0.0,1.3563646078109741,1.4031551920368202e-08,1.0,2.6060943127959035e-05,8.0645433627069e-05,0.0,-0.25,0.5,0.0,31,2,0.0,0.0,0
34,0,23660425,0.01,0.01,0.0001,rule_prior_greedy,0.0,0.0,1.2726510763168335,-1.576400676661649e-09,1.0,3.232913149986416e-05,8.818581409286708e-05,0.0,-0.25,0.5,0.0,24,2,0.0,0.0,0
34,1,23670425,0.01,0.01,0.0001,rule_prior_greedy,4.729958612281759e-12,0.0,1.5152695178985596,-8.67105853785688e-09,1.0,5.9516954934224486e-05,0.00021757590002380311,0.0,-1.5,1.0,0.0,25,2,0.0,0.0,0
34,2,23680425,0.01,0.01,0.0001,rule_prior_greedy,3.8371896805833305e-12,0.0,1.564598560333252,-1.8153590630731742e-08,1.0,6.700730591546744e-05,0.0002171751402784139,0.0,-0.25,0.5,0.0,36,2,0.0,0.0,0
35,0,23760425,0.01,0.01,0.0003,rule_prior_greedy,0.0,0.0,1.4820938110351562,-6.505325700345566e-08,1.0,0.00032662582816556096,0.0006113536655902863,0.0,-0.25,0.5,0.0,34,2,0.0,0.0,0
35,1,23770425,0.01,0.01,0.0003,rule_prior_greedy,1.7384973668987946e-11,0.0,1.5138206481933594,-1.7719534284310612e-08,1.0,0.000653079419862479,0.0010493460576981306,0.0,-0.25,0.5,0.0,27,2,0.0,0.0,0
35,2,23780425,0.01,0.01,0.0003,rule_prior_greedy,6.120118301033983e-11,0.0,1.467685341835022,1.61249751329251e-08,1.0,0.0008800506475381553,0.001279474119655788,0.0,-0.25,0.5,0.0,31,2,0.0,0.0,0
36,0,23860425,0.02,0.0,3e-05,rule_prior_greedy,0.0,0.0,1.4674160480499268,-1.2116402103856672e-08,1.0,2.406581916147843e-05,5.2113231504336e-05,0.0,0.5,0.0,0.0,20,2,0.0,0.0,0
36,1,23870425,0.02,0.0,3e-05,rule_prior_greedy,3.722470465553074e-13,0.0,1.4498045444488525,-1.2130561444223531e-08,1.0,1.2778597920259926e-05,6.155762821435928e-05,0.0,0.75,0.0,0.0,31,2,0.0,0.0,0
36,2,23880425,0.02,0.0,3e-05,rule_prior_greedy,1.4323596562310081e-12,0.0,1.5385175943374634,-1.0654334303694668e-08,1.0,1.9767046978813596e-05,6.36338590993546e-05,0.0,0.75,0.0,0.0,31,2,0.0,0.0,0
37,0,23960425,0.02,0.0,0.0001,rule_prior_greedy,0.0,0.0,1.3566558361053467,8.395025785645771e-10,1.0,5.547062755795196e-05,0.00013897070311941206,0.0,0.75,0.0,0.0,35,2,0.0,0.0,0
37,1,23970425,0.02,0.0,0.0001,rule_prior_greedy,2.1972851056012432e-12,0.0,1.604597568511963,-6.88850434471533e-08,1.0,0.0001942146336659789,0.00034834627876989543,0.0,-0.5,0.5,0.0,13,2,0.0,0.0,0
37,2,23980425,0.02,0.0,0.0001,rule_prior_greedy,1.0925645804737982e-11,0.0,1.4421449899673462,1.136134741841488e-08,1.0,0.00038936949567869306,0.0006422980804927647,0.0,0.75,0.0,0.0,30,2,0.0,0.0,0
38,0,24060425,0.02,0.0,0.0003,rule_prior_greedy,0.0,0.0,1.2416118383407593,-3.090921651960343e-08,1.0,7.985022239154205e-05,0.00031421694438904524,0.0,-0.25,0.5,0.0,35,2,0.0,0.0,0
38,1,24070425,0.02,0.0,0.0003,rule_prior_greedy,5.705442368553193e-11,0.0,1.3729939460754395,1.0220466251098514e-08,1.0,0.00015425508900079876,0.0007543349638581276,0.0,-0.25,0.5,0.0,29,2,0.0,0.0,0
38,2,24080425,0.02,0.0,0.0003,rule_prior_greedy,3.4537608883944415e-10,0.0,1.4030234813690186,3.041942475690007e-09,1.0,0.00021952958195470273,0.001177923521026969,0.0,-0.25,0.5,0.0,31,2,0.0,0.0,0
39,0,24160425,0.02,0.001,3e-05,rule_prior_greedy,0.0,0.0,1.4939895868301392,-3.7763300042570336e-08,1.0,2.8901542464154772e-05,7.041446951916441e-05,0.0,0.75,0.0,0.0,24,2,0.0,0.0,0
39,1,24170425,0.02,0.001,3e-05,rule_prior_greedy,4.887448545919451e-14,0.0,1.466584324836731,-3.058193698279865e-08,1.0,4.199195245746523e-05,8.106345921987668e-05,0.0,-0.5,0.5,0.0,18,2,0.0,0.0,0
39,2,24180425,0.02,0.001,3e-05,rule_prior_greedy,1.0339876876800172e-13,0.0,1.420320987701416,4.0745362639427185e-10,1.0,6.529418169520795e-05,0.00012192186113679782,0.0,0.75,0.0,0.0,36,2,0.0,0.0,0
40,0,24260425,0.02,0.001,0.0001,rule_prior_greedy,0.0,0.0,1.548169732093811,-4.9263295665014084e-08,1.0,3.3445416192989796e-05,0.0001464744855184108,0.0,-0.5,0.5,0.0,23,2,0.0,0.0,0
40,1,24270425,0.02,0.001,0.0001,rule_prior_greedy,3.567067214521602e-12,0.0,1.3679274320602417,1.5118741814035275e-08,1.0,7.575864583486691e-05,0.0002928122703451663,0.0,-0.5,0.5,0.0,28,2,0.0,0.0,0
40,2,24280425,0.02,0.001,0.0001,rule_prior_greedy,8.13499267948714e-12,0.0,1.4619685411453247,-8.24938251042795e-09,1.0,0.0001055774773703888,0.0003884689067490399,0.0,-0.5,0.5,0.0,24,2,0.0,0.0,0
41,0,24360425,0.02,0.001,0.0003,rule_prior_greedy,0.0,0.0,1.2993930578231812,-1.6483046039184046e-08,1.0,0.0007865955703891814,0.001291372929699719,0.0,-0.25,0.5,0.0,25,2,0.0,0.0,0
41,1,24370425,0.02,0.001,0.0003,rule_prior_greedy,3.86896695236949e-11,0.0,1.369946002960205,-2.0326378802337786e-08,1.0,0.0011650598607957363,0.0019257769454270601,0.0,-0.5,0.5,0.0,18,2,0.0,0.0,0
41,2,24380425,0.02,0.001,0.0003,rule_prior_greedy,2.632240536648567e-10,0.0,1.509622573852539,-1.8499784815162457e-08,1.0,0.0014714599819853902,0.002334707183763385,0.0,-0.25,0.5,0.0,32,2,0.0,0.0,0
42,0,24460425,0.02,0.005,3e-05,rule_prior_greedy,0.0,0.0,1.3211958408355713,1.6728996854453726e-08,1.0,5.6856039009289816e-05,9.397259418619797e-05,0.0,-1.5,1.0,0.0,31,2,0.0,0.0,0
42,1,24470425,0.02,0.005,3e-05,rule_prior_greedy,3.969311587314478e-13,0.0,1.3347011804580688,2.970725887507797e-08,1.0,0.00010625294089550152,0.0001559504889883101,0.0,-0.5,0.5,0.0,21,2,0.0,0.0,0
42,2,24480425,0.02,0.005,3e-05,rule_prior_greedy,2.3748939013273906e-12,0.0,1.3561495542526245,-3.7388012685823924e-08,1.0,0.00011777086183428764,0.00017883953114505857,0.0,-0.5,0.5,0.0,28,2,0.0,0.0,0
43,0,24560425,0.02,0.005,0.0001,rule_prior_greedy,0.0,0.0,1.4640569686889648,5.54493206905704e-09,1.0,3.43112442351412e-05,9.67794403550215e-05,0.0,-0.5,0.5,0.0,23,2,0.0,0.0,0
43,1,24570425,0.02,0.005,0.0001,rule_prior_greedy,1.6005344835937074e-12,0.0,1.313086986541748,-1.9925968430811736e-08,1.0,7.46072837500833e-05,0.00023399437486659735,0.0,1.0,0.0,0.0,36,2,0.0,0.0,0
43,2,24580425,0.02,0.005,0.0001,rule_prior_greedy,6.540126513271405e-12,0.0,1.5553338527679443,-3.680427695940125e-08,1.0,9.422309085493907e-05,0.0002583241439424455,0.0,-0.25,0.5,0.0,36,2,0.0,0.0,0
44,0,24660425,0.02,0.005,0.0003,rule_prior_greedy,0.0,0.0,1.526159405708313,2.1468875566199586e-09,1.0,0.0002959345292765647,0.0006615737220272422,0.0,1.0,0.0,0.0,36,2,0.0,0.0,0
44,1,24670425,0.02,0.005,0.0003,rule_prior_greedy,7.624550990570356e-11,0.0,1.3429415225982666,-2.2199239779752133e-08,1.0,0.00029024260584264994,0.00073352234903723,0.0,-0.25,0.5,0.0,35,2,0.0,0.0,0
44,2,24680425,0.02,0.005,0.0003,rule_prior_greedy,1.1137601257926733e-10,0.0,1.5624665021896362,-4.831625322054833e-09,1.0,0.00033128316863439977,0.0008204367477446795,0.0,-1.5,1.0,0.0,27,2,0.0,0.0,0
45,0,24760425,0.02,0.01,3e-05,rule_prior_greedy,0.0,0.0,1.301915168762207,-2.8835719589892506e-08,1.0,2.0805984604521655e-05,4.452809662325308e-05,0.0,-0.25,0.5,0.0,31,2,0.0,0.0,0
45,1,24770425,0.02,0.01,3e-05,rule_prior_greedy,1.8013267743741124e-12,0.0,1.5102614164352417,-3.459736319655349e-08,1.0,2.776875044219196e-05,5.492058699019253e-05,0.0,0.5,0.0,0.0,22,2,0.0,0.0,0
45,2,24780425,0.02,0.01,3e-05,rule_prior_greedy,2.2652619797308704e-12,0.0,1.372969627380371,-1.6372546651766129e-09,1.0,2.9306482247193344e-05,7.158114021876827e-05,0.0,1.0,0.0,0.0,36,2,0.0,0.0,0
46,0,24860425,0.02,0.01,0.0001,rule_prior_greedy,0.0,0.0,1.346064567565918,-1.3802005760510383e-08,1.0,3.435647886362858e-05,0.00010246405872749165,0.0,-0.5,0.5,0.0,29,2,0.0,0.0,0
46,1,24870425,0.02,0.01,0.0001,rule_prior_greedy,2.028982450802408e-12,0.0,1.4328227043151855,-7.836550963702393e-09,1.0,3.507709698169492e-05,0.0001222352439071983,0.0,0.5,0.0,0.0,29,2,0.0,0.0,0
46,2,24880425,0.02,0.01,0.0001,rule_prior_greedy,6.398923925454714e-12,0.0,1.4639972448349,-3.1532202626749495e-08,1.0,9.083648910745978e-05,0.0002869334421120584,0.0,0.5,0.0,0.0,21,2,0.0,0.0,0
47,0,24960425,0.02,0.01,0.0003,rule_prior_greedy,0.0,0.0,1.2281572818756104,3.75441677746835e-09,1.0,0.0006890801596455276,0.0011190176010131836,0.0,0.5,0.0,0.0,20,2,0.0,0.0,0
47,1,24970425,0.02,0.01,0.0003,rule_prior_greedy,1.963016693640185e-10,0.0,1.5368826389312744,-1.9395928418930453e-08,1.0,0.0009986689547076821,0.002326261019334197,0.0,0.75,0.0,0.0,26,2,0.0,0.0,0
47,2,24980425,0.02,0.01,0.0003,rule_prior_greedy,5.727088803197944e-10,0.0,1.4772571325302124,3.5979121904006206e-09,1.0,0.001407149131409824,0.002461944008246064,0.0,-1.5,1.0,0.0,25,2,0.0,0.0,0
48,0,25060425,0.05,0.0,3e-05,rule_prior_greedy,0.0,0.0,1.5270280838012695,-5.5844509461167036e-08,1.0,1.4484277926385403e-05,6.014543760102242e-05,0.0,-0.5,0.5,0.0,24,2,0.0,0.0,0
48,1,25070425,0.05,0.0,3e-05,rule_prior_greedy,2.1139951768278653e-12,0.0,1.3744797706604004,-4.438401202122577e-09,1.0,1.878619696071837e-05,6.106191722210497e-05,0.0,-0.25,0.5,0.0,34,2,0.0,0.0,0
48,2,25080425,0.05,0.0,3e-05,rule_prior_greedy,1.4269099140110098e-12,0.0,1.5259767770767212,-3.089053279836662e-08,1.0,2.3005193725111894e-05,8.872662874637172e-05,0.0,-0.25,0.5,0.0,26,2,0.0,0.0,0
49,0,25160425,0.05,0.0,0.0001,rule_prior_greedy,0.0,0.0,1.3972094058990479,1.5435591693702122e-09,1.0,0.00020985420269425958,0.00028968063998036087,0.0,-0.25,0.5,0.0,31,2,0.0,0.0,0
49,1,25170425,0.05,0.0,0.0001,rule_prior_greedy,3.2947275550171407e-12,0.0,1.4128631353378296,-5.051523199739449e-09,1.0,0.000314755568979308,0.00046367236063815653,0.0,-0.25,0.5,0.0,30,2,0.0,0.0,0
49,2,25180425,0.05,0.0,0.0001,rule_prior_greedy,7.029383325418692e-11,0.0,1.530449390411377,-1.867520138532086e-09,1.0,0.0004472770378924906,0.0006933124386705458,0.0,-0.25,0.5,0.0,25,2,0.0,0.0,0
50,0,25260425,0.05,0.0,0.0003,rule_prior_greedy,0.0,0.0,1.3997763395309448,1.7532862661706616e-10,1.0,0.0003634776803664863,0.0008038959349505603,0.0,0.5,0.0,0.0,29,2,0.0,0.0,0
50,1,25270425,0.05,0.0,0.0003,rule_prior_greedy,7.879957103495983e-11,0.0,1.4843642711639404,-5.432896088564121e-08,1.0,0.00045570271322503686,0.0011578628327697515,0.0,-0.5,0.5,0.0,22,2,0.0,0.0,0
50,2,25280425,0.05,0.0,0.0003,rule_prior_greedy,1.3038820023680842e-10,0.0,1.4773814678192139,-1.8507520849198045e-08,1.0,0.000723407487384975,0.0015996417496353388,0.0,-1.5,1.0,0.0,29,2,0.0,0.0,0
51,0,25360425,0.05,0.001,3e-05,rule_prior_greedy,0.0,0.0,1.2668108940124512,2.5840476425287306e-08,1.0,1.7082353224395774e-05,4.892588913207874e-05,0.0,-1.5,1.0,0.0,21,2,0.0,0.0,0
51,1,25370425,0.05,0.001,3e-05,rule_prior_greedy,1.8438584535075686e-13,0.0,1.3469586372375488,-1.575015851074113e-08,1.0,2.7845533622894436e-05,8.297550084535033e-05,0.0,0.5,0.0,0.0,30,2,0.0,0.0,0
51,2,25380425,0.05,0.001,3e-05,rule_prior_greedy,7.550997045517593e-13,0.0,1.4894636869430542,-2.448649638608913e-08,1.0,3.836834366666153e-05,9.899968426907435e-05,0.0,0.5,0.0,0.0,24,2,0.0,0.0,0
52,0,25460425,0.05,0.001,0.0001,rule_prior_greedy,0.0,0.0,1.5966674089431763,2.1425989871204365e-09,1.0,0.00012284232070669532,0.00019989995053038,0.0,-1.5,1.0,0.0,24,2,0.0,0.0,0
52,1,25470425,0.05,0.001,0.0001,rule_prior_greedy,2.925850100393701e-12,0.0,1.3326828479766846,3.2637142766134275e-08,1.0,0.0001716842089081183,0.0002923126157838851,0.0,-1.5,1.0,0.0,21,2,0.0,0.0,0
52,2,25480425,0.05,0.001,0.0001,rule_prior_greedy,7.909500311653606e-12,0.0,1.3844122886657715,5.813584724734255e-09,1.0,0.00019896971934940666,0.0003879204159602523,0.0,-0.25,0.5,0.0,36,2,0.0,0.0,0
53,0,25560425,0.05,0.001,0.0003,rule_prior_greedy,0.0,0.0,1.537109136581421,1.0700986763367837e-08,1.0,0.00043456998537294567,0.0007874955190345645,0.0,0.75,0.0,0.0,32,2,0.0,0.0,0
53,1,25570425,0.05,0.001,0.0003,rule_prior_greedy,9.913913440184885e-12,0.0,1.3457595109939575,-1.1558039858527991e-08,1.0,0.00037127037649042904,0.0007432370912283659,0.0,0.5,0.0,0.0,27,2,0.0,0.0,0
53,2,25580425,0.05,0.001,0.0003,rule_prior_greedy,2.425207777656535e-11,0.0,1.4598321914672852,-1.864712828592019e-08,1.0,0.0003158755716867745,0.000686199520714581,0.0,0.75,0.0,0.0,17,2,0.0,0.0,0
54,0,25660425,0.05,0.005,3e-05,rule_prior_greedy,0.0,0.0,1.49045991897583,-9.30823773614975e-09,1.0,5.3046045650262386e-05,0.00010896725143538788,0.0,0.75,0.0,0.0,33,2,0.0,0.0,0
54,1,25670425,0.05,0.005,3e-05,rule_prior_greedy,1.1639755999326429e-12,0.0,1.394119143486023,-8.976931198390048e-09,1.0,5.8488189097261056e-05,0.00010322169691789895,0.0,0.75,0.0,0.0,25,2,0.0,0.0,0
54,2,25680425,0.05,0.005,3e-05,rule_prior_greedy,2.47966252565901e-13,0.0,1.5172113180160522,-1.9581571919502494e-08,1.0,5.8001238357974216e-05,9.883537131827325e-05,0.0,-1.5,1.0,0.0,27,2,0.0,0.0,0
55,0,25760425,0.05,0.005,0.0001,rule_prior_greedy,0.0,0.0,1.3933568000793457,-1.2008235517058097e-09,1.0,0.00010248344915453345,0.00021913155796937644,0.0,1.0,0.0,0.0,36,2,0.0,0.0,0
55,1,25770425,0.05,0.005,0.0001,rule_prior_greedy,3.5008597583374712e-12,0.0,1.4273871183395386,-1.723531184438798e-08,1.0,0.00014563709555659443,0.0002515382948331535,0.0,0.75,0.0,0.0,17,2,0.0,0.0,0
55,2,25780425,0.05,0.005,0.0001,rule_prior_greedy,2.0661168088909054e-12,0.0,1.3780059814453125,-4.258444619154034e-08,1.0,0.00018525990890339017,0.00031720910919830203,0.0,0.75,0.0,0.0,27,2,0.0,0.0,0
56,0,25860425,0.05,0.005,0.0003,rule_prior_greedy,0.0,0.0,1.4657142162322998,-4.3539407634796135e-09,1.0,0.00019557104678824544,0.00046454864786937833,0.0,1.0,0.0,0.0,36,2,0.0,0.0,0
56,1,25870425,0.05,0.005,0.0003,rule_prior_greedy,2.2568553970092609e-10,0.0,1.4373512268066406,-1.8153968994738534e-08,1.0,0.0003222562372684479,0.0008236144203692675,0.0,1.0,0.0,0.0,36,2,0.0,0.0,0
56,2,25880425,0.05,0.005,0.0003,rule_prior_greedy,3.074802079616745e-10,0.0,1.3329335451126099,2.5403467773799093e-08,1.0,0.0004222423303872347,0.0013073320733383298,0.0,0.75,0.0,0.0,30,2,0.0,0.0,0
57,0,25960425,0.05,0.01,3e-05,rule_prior_greedy,0.0,0.0,1.4289547204971313,4.2490682972129434e-08,1.0,1.0139716323465109e-05,4.014495061710477e-05,0.0,-0.5,0.5,0.0,24,2,0.0,0.0,0
57,1,25970425,0.05,0.01,3e-05,rule_prior_greedy,3.345842212228861e-13,0.0,1.2006419897079468,1.3758381101069972e-09,1.0,1.9117676856694743e-05,5.148567652213387e-05,0.0,1.0,0.0,0.0,36,2,0.0,0.0,0
57,2,25980425,0.05,0.01,3e-05,rule_prior_greedy,4.884426196838376e-13,0.0,1.3849925994873047,-4.633136541087879e-09,1.0,2.5287077733082697e-05,6.40682628727518e-05,0.0,-0.25,0.5,0.0,24,2,0.0,0.0,0
58,0,26060425,0.05,0.01,0.0001,rule_prior_greedy,0.0,0.0,1.5694546699523926,-2.8581121469528625e-08,1.0,6.230938743101433e-05,0.00012743503612000495,0.0,-0.5,0.5,0.0,20,2,0.0,0.0,0
58,1,26070425,0.05,0.01,0.0001,rule_prior_greedy,1.8042234373183419e-12,0.0,1.491952896118164,-3.6220302312983677e-09,1.0,0.00014511110202874988,0.0002525437739677727,0.0,0.5,0.0,0.0,28,2,0.0,0.0,0
58,2,26080425,0.05,0.01,0.0001,rule_prior_greedy,2.1907508793161945e-11,0.0,1.409320592880249,-2.2489610174147856e-08,1.0,0.0002535074600018561,0.00039118583663366735,0.0,-0.25,0.5,0.0,31,2,0.0,0.0,0
59,0,26160425,0.05,0.01,0.0003,rule_prior_greedy,0.0,0.0,1.5102308988571167,-5.782203604809411e-10,1.0,0.0003662857925519347,0.0006797994719818234,0.0,-0.5,0.5,0.0,25,2,0.0,0.0,0
59,1,26170425,0.05,0.01,0.0003,rule_prior_greedy,5.638332856161554e-11,0.0,1.3299109935760498,-2.7626052556684044e-09,1.0,0.0002691183763090521,0.0006849843775853515,0.0,1.0,0.0,0.0,30,2,0.0,0.0,0
59,2,26180425,0.05,0.01,0.0003,rule_prior_greedy,4.934561786962277e-11,0.0,1.4370468854904175,-8.178883126319647e-10,1.0,0.0005105863092467189,0.000928384717553854,0.0,0.5,0.0,0.0,22,2,0.0,0.0,0
60,0,26260425,0.0,0.0,3e-05,rulebase,0.0,0.0,1.3483459949493408,2.0219525609377342e-08,1.0,1.3510662938642781e-05,3.553790884325281e-05,0.0,-0.25,0.5,0.0,29,2,0.0,0.0,0
60,1,26270425,0.0,0.0,3e-05,rulebase,2.2321033910088772e-13,0.0,1.384100317955017,3.077549592944706e-08,1.0,1.4807457773713395e-05,6.210312858456746e-05,0.0,0.75,0.0,0.0,32,2,0.0,0.0,0
60,2,26280425,0.0,0.0,3e-05,rulebase,1.2802259252708836e-13,0.0,1.3677520751953125,1.230590385148389e-08,1.0,2.8498734536697157e-05,7.705501047894359e-05,0.0,-0.25,0.5,0.0,32,2,0.0,0.0,0
61,0,26360425,0.0,0.0,0.0001,rulebase,0.0,0.0,1.4445726871490479,-1.72491088079596e-08,1.0,6.289508746704087e-05,0.00022789006470702589,0.0,-0.25,0.5,0.0,21,2,0.0,0.0,0
61,1,26370425,0.0,0.0,0.0001,rulebase,6.358247262028272e-13,0.0,1.3743268251419067,-1.270234406547388e-08,1.0,0.00011213481047889218,0.00033273722510784864,0.0,-0.25,0.5,0.0,32,2,0.0,0.0,0
61,2,26380425,0.0,0.0,0.0001,rulebase,1.4643594496710488e-12,0.0,1.339221715927124,-1.2503793556106757e-08,1.0,0.00016222079284489155,0.00043209997238591313,0.0,1.0,0.0,0.0,36,2,0.0,0.0,0
62,0,26460425,0.0,0.0,0.0003,rulebase,0.0,0.0,1.4478849172592163,-1.5760281968368872e-08,1.0,0.00020764334476552904,0.0005578562850132585,0.0,-0.25,0.5,0.0,31,2,0.0,0.0,0
62,1,26470425,0.0,0.0,0.0003,rulebase,1.440518676565361e-10,0.0,1.394639015197754,2.24897203082719e-08,1.0,0.000561414984986186,0.0010264081647619605,0.0,0.75,0.0,0.0,33,2,0.0,0.0,0
62,2,26480425,0.0,0.0,0.0003,rulebase,1.1802739341426616e-10,0.0,1.360758662223816,1.2476698785235385e-08,1.0,0.0006965096690692008,0.0014363373629748821,0.0,-1.5,1.0,0.0,30,2,0.0,0.0,0
63,0,26560425,0.0,0.001,3e-05,rulebase,0.0,0.0,1.4412989616394043,5.73819169957801e-09,1.0,1.464185152144637e-05,3.0022092687431723e-05,0.0,0.5,0.0,0.0,24,2,0.0,0.0,0
63,1,26570425,0.0,0.001,3e-05,rulebase,1.5785151506221562e-13,0.0,1.391392469406128,8.43783723447622e-11,1.0,1.9140994481858797e-05,4.8453064664499834e-05,0.0,-0.25,0.5,0.0,20,2,0.0,0.0,0
63,2,26580425,0.0,0.001,3e-05,rulebase,4.058182284140399e-13,0.0,1.2740259170532227,3.2835518748441928e-09,1.0,3.188188566127792e-05,6.881122681079432e-05,0.0,-0.5,0.5,0.0,28,2,0.0,0.0,0
64,0,26660425,0.0,0.001,0.0001,rulebase,0.0,0.0,1.353415846824646,-1.8067460416659742e-08,1.0,0.00022898786119185388,0.00042139951256103814,0.0,0.75,0.0,0.0,30,2,0.0,0.0,0
64,1,26670425,0.0,0.001,0.0001,rulebase,2.3184416626104154e-12,0.0,1.4290986061096191,6.9253611734154674e-09,1.0,0.0003520929894875735,0.0006604474037885666,0.0,-0.25,0.5,0.0,33,2,0.0,0.0,0
64,2,26680425,0.0,0.001,0.0001,rulebase,7.646312402687094e-12,0.0,1.3469547033309937,2.026102396968099e-09,1.0,0.0004738845454994589,0.0007905884413048625,0.0,-1.5,1.0,0.0,28,2,0.0,0.0,0
65,0,26760425,0.0,0.001,0.0003,rulebase,0.0,0.0,1.4605624675750732,-2.364758522332977e-08,1.0,0.00018595049914438277,0.0004222230054438114,0.0,-0.5,0.5,0.0,34,2,0.0,0.0,0
65,1,26770425,0.0,0.001,0.0003,rulebase,8.49177325679129e-12,0.0,1.4164983034133911,-2.4979332380326014e-08,1.0,0.00022770783107262105,0.0006723325932398438,0.0,-0.25,0.5,0.0,31,2,0.0,0.0,0
65,2,26780425,0.0,0.001,0.0003,rulebase,4.374556272779273e-12,0.0,1.4297586679458618,-1.4423844341138192e-08,1.0,0.00032953944173641503,0.000678650161717087,0.0,-0.5,0.5,0.0,24,2,0.0,0.0,0
66,0,26860425,0.0,0.005,3e-05,rulebase,0.0,0.0,1.4780802726745605,-3.8746065911254846e-08,1.0,1.86990546353627e-05,3.391660357010551e-05,0.0,1.0,0.0,0.0,36,2,0.0,0.0,0
66,1,26870425,0.0,0.005,3e-05,rulebase,5.609557414930355e-13,0.0,1.4461894035339355,2.1378008696615325e-08,1.0,1.6334253814420663e-05,3.551315239747055e-05,0.0,-0.25,0.5,0.0,25,2,0.0,0.0,0
66,2,26880425,0.0,0.005,3e-05,rulebase,1.9740194721895588e-12,0.0,1.5142066478729248,4.658417207537013e-09,1.0,2.7156460419064388e-05,7.583331898786128e-05,0.0,1.0,0.0,0.0,31,2,0.0,0.0,0
67,0,26960425,0.0,0.005,0.0001,rulebase,0.0,0.0,1.390002727508545,1.8491858710945053e-08,1.0,2.8454165658331476e-05,9.798309474717826e-05,0.0,-0.25,0.5,0.0,35,2,0.0,0.0,0
67,1,26970425,0.0,0.005,0.0001,rulebase,1.1561418055555661e-12,0.0,1.4685126543045044,-1.4898303035693061e-08,1.0,7.454176375176758e-05,0.0001811293768696487,0.0,-0.25,0.5,0.0,35,2,0.0,0.0,0
67,2,26980425,0.0,0.005,0.0001,rulebase,2.4444073067758643e-12,0.0,1.4203073978424072,-1.709275609940164e-09,1.0,0.0001225440646521747,0.0002744909725151956,0.0,-1.5,1.0,0.0,19,2,0.0,0.0,0
68,0,27060425,0.0,0.005,0.0003,rulebase,0.0,0.0,1.316240668296814,-2.4457342817640892e-08,1.0,0.0002277940948260948,0.00048214246635325253,0.0,-0.25,0.5,0.0,34,2,0.0,0.0,0
68,1,27070425,0.0,0.005,0.0003,rulebase,3.831780726049061e-11,0.0,1.4540865421295166,-9.673198242410308e-09,1.0,0.0004766876809298992,0.0009443750604987144,0.0,-0.5,0.5,0.0,31,2,0.0,0.0,0
68,2,27080425,0.0,0.005,0.0003,rulebase,8.073859636414937e-11,0.0,1.3943523168563843,-1.5261358399243363e-08,1.0,0.0007447550306096673,0.001073409803211689,0.0,-1.5,1.0,0.0,33,2,0.0,0.0,0
69,0,27160425,0.0,0.01,3e-05,rulebase,0.0,0.0,1.5480968952178955,-2.568088186549744e-09,1.0,5.292337300488725e-05,8.771326974965632e-05,0.0,0.75,0.0,0.0,28,2,0.0,0.0,0
69,1,27170425,0.0,0.01,3e-05,rulebase,4.331619156243416e-13,0.0,1.4709285497665405,-1.374280955701579e-08,1.0,9.138625318882987e-05,0.00015571936091873795,0.0,-1.5,1.0,0.0,33,2,0.0,0.0,0
69,2,27180425,0.0,0.01,3e-05,rulebase,1.796004425909381e-12,0.0,1.4320628643035889,-5.630020449842732e-09,1.0,0.00010385543282609433,0.00020505637803580612,0.0,-0.25,0.5,0.0,33,2,0.0,0.0,0
70,0,27260425,0.0,0.01,0.0001,rulebase,0.0,0.0,1.357956051826477,1.6380248268887954e-08,1.0,3.143729190924205e-05,0.00010442823986522853,0.0,-1.5,1.0,0.0,22,2,0.0,0.0,0
70,1,27270425,0.0,0.01,0.0001,rulebase,5.124632055514278e-12,0.0,1.4205659627914429,5.538727254617015e-09,1.0,4.945629189023748e-05,0.0001785609929356724,0.0,0.75,0.0,0.0,31,2,0.0,0.0,0
70,2,27280425,0.0,0.01,0.0001,rulebase,3.0592861577360964e-11,0.0,1.566547155380249,-3.415912885884609e-08,1.0,6.42594022792764e-05,0.000200305919861421,0.0,-0.25,0.5,0.0,15,2,0.0,0.0,0
71,0,27360425,0.0,0.01,0.0003,rulebase,0.0,0.0,1.4790009260177612,-1.5866849167878172e-08,1.0,0.00021619519975502044,0.0004065586836077273,0.0,-1.5,1.0,0.0,28,2,0.0,0.0,0
71,1,27370425,0.0,0.01,0.0003,rulebase,3.377461851861163e-11,0.0,1.359956979751587,1.196031718109225e-08,1.0,0.0003529336245264858,0.0006750387838110328,0.0,-0.5,0.5,0.0,34,2,0.0,0.0,0
71,2,27380425,0.0,0.01,0.0003,rulebase,7.844672134105224e-11,0.0,1.3474934101104736,-1.1695132862143964e-08,1.0,0.0005536004318855703,0.0009818137623369694,0.0,-1.5,1.0,0.0,22,2,0.0,0.0,0
72,0,27460425,0.001,0.0,3e-05,rulebase,0.0,0.0,1.4051340818405151,4.2434610492136926e-08,1.0,3.407261101529002e-05,7.904035010142252e-05,0.0,-0.25,0.5,0.0,33,2,0.0,0.0,0
72,1,27470425,0.001,0.0,3e-05,rulebase,4.101393432775352e-13,0.0,1.351094365119934,7.709770599717558e-09,1.0,4.815360080101527e-05,0.00010611712059471756,0.0,0.75,0.0,0.0,29,2,0.0,0.0,0
72,2,27480425,0.001,0.0,3e-05,rulebase,3.887317984868632e-12,0.0,1.5014071464538574,1.0233144998039734e-08,1.0,5.403066461440176e-05,0.00012204473750898615,0.0,0.75,0.0,0.0,26,2,0.0,0.0,0
73,0,27560425,0.001,0.0,0.0001,rulebase,0.0,0.0,1.484553337097168,-3.309348128865963e-09,1.0,6.739616219419986e-05,0.00025567837292328477,0.0,-0.25,0.5,0.0,33,2,0.0,0.0,0
73,1,27570425,0.001,0.0,0.0001,rulebase,3.8724149754865156e-12,0.0,1.4633620977401733,-8.699323927885416e-09,1.0,0.00017454040062148124,0.0004214143264107406,0.0,-0.25,0.5,0.0,31,2,0.0,0.0,0
73,2,27580425,0.001,0.0,0.0001,rulebase,4.26692119137595e-11,0.0,1.4413435459136963,-1.497803481242954e-08,1.0,0.0001892875152407214,0.0004863408103119582,0.0,-0.5,0.5,0.0,21,2,0.0,0.0,0
74,0,27660425,0.001,0.0,0.0003,rulebase,0.0,0.0,1.4245282411575317,-3.333214237954962e-08,1.0,0.00026898313080891967,0.0005592655506916344,0.0,-1.5,1.0,0.0,25,2,0.0,0.0,0
74,1,27670425,0.001,0.0,0.0003,rulebase,4.014260278351056e-12,0.0,1.3089672327041626,-1.2629133294694839e-08,1.0,0.0003392092476133257,0.000629030866548419,0.0,0.75,0.0,0.0,29,2,0.0,0.0,0
74,2,27680425,0.001,0.0,0.0003,rulebase,1.3038272718424171e-11,0.0,1.3777813911437988,1.4707438822370023e-08,1.0,0.0003855364047922194,0.0006631006253883243,0.0,-0.25,0.5,0.0,31,2,0.0,0.0,0
75,0,27760425,0.001,0.001,3e-05,rulebase,0.0,0.0,1.2937328815460205,3.017306582364654e-08,1.0,3.545800791471265e-05,7.845074287615716e-05,0.0,-0.5,0.5,0.0,29,2,0.0,0.0,0
75,1,27770425,0.001,0.001,3e-05,rulebase,3.187080319707464e-13,0.0,1.419374704360962,-7.147095804072023e-09,1.0,3.5945067793363705e-05,7.748737698420882e-05,0.0,-0.5,0.5,0.0,27,2,0.0,0.0,0
75,2,27780425,0.001,0.001,3e-05,rulebase,1.2505552420428306e-13,0.0,1.5077095031738281,-5.44114477918356e-08,1.0,1.6695958038326353e-05,7.873338472563773e-05,0.0,-0.25,0.5,0.0,25,2,0.0,0.0,0
76,0,27860425,0.001,0.001,0.0001,rulebase,0.0,0.0,1.4160585403442383,-5.779739797873162e-09,1.0,0.0001105523479054682,0.00030631537083536386,0.0,-0.5,0.5,0.0,23,2,0.0,0.0,0
76,1,27870425,0.001,0.001,0.0001,rulebase,9.77109539113119e-12,0.0,1.486707329750061,1.6304424477198154e-08,1.0,0.00016438458987977356,0.00041888499981723726,0.0,-1.5,1.0,0.0,29,2,0.0,0.0,0
76,2,27880425,0.001,0.001,0.0001,rulebase,2.4310997659426903e-11,0.0,1.354766607284546,6.190354451263147e-09,1.0,9.880309517029673e-05,0.00042072570067830384,0.0,0.75,0.0,0.0,30,2,0.0,0.0,0
77,0,27960425,0.001,0.001,0.0003,rulebase,0.0,0.0,1.4047234058380127,-9.357008501353903e-09,1.0,0.00019012359553016722,0.0005529954214580357,0.0,-0.5,0.5,0.0,25,2,0.0,0.0,0
77,1,27970425,0.001,0.001,0.0003,rulebase,7.521074041338949e-11,0.0,1.5639400482177734,-1.3819868804887392e-08,1.0,0.00045660141040571034,0.001216777483932674,0.0,-0.25,0.5,0.0,30,2,0.0,0.0,0
77,2,27980425,0.001,0.001,0.0003,rulebase,6.120640799744947e-11,0.0,1.4858330488204956,-9.318825711090994e-09,1.0,0.0005157411214895546,0.0014313571155071259,0.0,-1.5,1.0,0.0,26,2,0.0,0.0,0
78,0,28060425,0.001,0.005,3e-05,rulebase,0.0,0.0,1.3758553266525269,-7.559180836835822e-09,1.0,1.4303073839982972e-05,4.0313876525033265e-05,0.0,-0.25,0.5,0.0,27,2,0.0,0.0,0
78,1,28070425,0.001,0.005,3e-05,rulebase,1.9532762722800773e-13,0.0,1.3886290788650513,-7.471205876186104e-09,1.0,3.4375338145764545e-05,7.885940431151539e-05,0.0,-0.25,0.5,0.0,31,2,0.0,0.0,0
78,2,28080425,0.001,0.005,3e-05,rulebase,3.4772185131259903e-13,0.0,1.4166107177734375,2.3659829651023756e-08,1.0,8.109358896035701e-05,0.00015105927013792098,0.0,-0.25,0.5,0.0,29,2,0.0,0.0,0
79,0,28160425,0.001,0.005,0.0001,rulebase,0.0,0.0,1.4758999347686768,4.813045961782336e-09,1.0,5.809929280076176e-05,0.0001457564067095518,0.0,0.5,0.0,0.0,17,2,0.0,0.0,0
79,1,28170425,0.001,0.005,0.0001,rulebase,3.265369528590578e-12,0.0,1.3363232612609863,6.759582671378439e-09,1.0,9.879405843093991e-05,0.0003143190697301179,0.0,-0.5,0.5,0.0,24,2,0.0,0.0,0
79,2,28180425,0.001,0.005,0.0001,rulebase,2.73197436895245e-11,0.0,1.331252098083496,4.303242207015501e-08,1.0,0.00016273936489596963,0.0003861189470626414,0.0,-0.25,0.5,0.0,32,2,0.0,0.0,0
80,0,28260425,0.001,0.005,0.0003,rulebase,0.0,0.0,1.5155388116836548,1.0777177372744973e-08,1.0,0.00044480490032583475,0.0007071698200888932,0.0,-0.5,0.5,0.0,19,2,0.0,0.0,0
80,1,28270425,0.001,0.005,0.0003,rulebase,5.57606183448911e-11,0.0,1.371483564376831,1.5887280824244954e-08,1.0,0.0006291044410318136,0.0010455092415213585,0.0,0.75,0.0,0.0,28,2,0.0,0.0,0
80,2,28280425,0.001,0.005,0.0003,rulebase,1.931432878216066e-12,0.0,1.4203948974609375,8.858523692367726e-09,1.0,0.0010758916614577174,0.0014821075601503253,0.0,0.5,0.0,0.0,20,2,0.0,0.0,0
81,0,28360425,0.001,0.01,3e-05,rulebase,0.0,0.0,1.4297122955322266,-7.71900765528244e-09,1.0,1.0945601388812065e-05,4.3557600292842835e-05,0.0,-1.5,1.0,0.0,18,2,0.0,0.0,0
81,1,28370425,0.001,0.01,3e-05,rulebase,3.601070179895527e-13,0.0,1.3790842294692993,1.889502954099953e-08,1.0,1.9469023754936643e-05,5.9522622905205935e-05,0.0,-0.5,0.5,0.0,18,2,0.0,0.0,0
81,2,28380425,0.001,0.01,3e-05,rulebase,1.1009095111230716e-12,0.0,1.3767122030258179,-1.4949389282037373e-08,1.0,2.4633260181872174e-05,0.00011465058196336031,0.0,1.0,0.0,0.0,36,2,0.0,0.0,0
82,0,28460425,0.001,0.01,0.0001,rulebase,0.0,0.0,1.4330615997314453,-3.6877989550987422e-09,1.0,8.963036088971421e-05,0.00017588875198271126,0.0,1.0,0.0,0.0,36,2,0.0,0.0,0
82,1,28470425,0.001,0.01,0.0001,rulebase,2.3289564721196143e-12,0.0,1.5220686197280884,1.0604644273826125e-08,1.0,0.00015604526561219245,0.0002842186950147152,0.0,0.75,0.0,0.0,32,2,0.0,0.0,0
82,2,28480425,0.001,0.01,0.0001,rulebase,3.232356222959698e-12,0.0,1.4667105674743652,-4.9491031717252554e-08,1.0,0.0002508434117771685,0.00042775418842211366,0.0,-0.5,0.5,0.0,21,2,0.0,0.0,0
83,0,28560425,0.001,0.01,0.0003,rulebase,0.0,0.0,1.3037484884262085,-2.01687040402021e-08,1.0,0.0001949278957908973,0.0004822432529181242,0.0,-0.5,0.5,0.0,20,2,0.0,0.0,0
83,1,28570425,0.001,0.01,0.0003,rulebase,1.7971114874004712e-10,0.0,1.5324926376342773,1.332237609119602e-08,1.0,0.0002169748768210411,0.0007050441345199943,0.0,-1.5,1.0,0.0,21,2,0.0,0.0,0
83,2,28580425,0.001,0.01,0.0003,rulebase,3.712994911531098e-10,0.0,1.3293441534042358,1.268453009295456e-09,1.0,0.0004939490463584661,0.0010799268493428826,0.0,-0.25,0.5,0.0,29,2,0.0,0.0,0
84,0,28660425,0.01,0.0,3e-05,rulebase,0.0,0.0,1.4379298686981201,-2.436589063847805e-08,1.0,4.7388148232130334e-05,8.306395466206595e-05,0.0,-0.5,0.5,0.0,25,2,0.0,0.0,0
84,1,28670425,0.01,0.0,3e-05,rulebase,1.1030806259734738e-12,0.0,1.3358548879623413,-1.5973890654663592e-08,1.0,6.620500789722428e-05,0.00012302453978918493,0.0,0.75,0.0,0.0,24,2,0.0,0.0,0
84,2,28680425,0.01,0.0,3e-05,rulebase,3.1476850206185736e-12,0.0,1.409472942352295,3.2087368317945675e-09,1.0,7.550164446001872e-05,0.0001396975276293233,0.0,-1.5,1.0,0.0,23,2,0.0,0.0,0
85,0,28760425,0.01,0.0,0.0001,rulebase,0.0,0.0,1.465381145477295,6.106388727999956e-09,1.0,0.00020084659627173096,0.00030483052250929177,0.0,0.5,0.0,0.0,33,2,0.0,0.0,0
85,1,28770425,0.01,0.0,0.0001,rulebase,2.380466266813097e-12,0.0,1.464707374572754,-8.566584774882813e-09,1.0,0.0003441257867962122,0.0005606567719951272,0.0,-0.5,0.5,0.0,21,2,0.0,0.0,0
85,2,28780425,0.01,0.0,0.0001,rulebase,6.357163059855786e-12,0.0,1.4660115242004395,-4.2105938291570055e-08,1.0,0.00044551046448759735,0.0007358042057603598,0.0,-1.5,1.0,0.0,17,2,0.0,0.0,0
86,0,28860425,0.01,0.0,0.0003,rulebase,0.0,0.0,1.4941484928131104,-2.372701857211723e-08,1.0,0.00012404208246152848,0.00041347177466377616,0.0,0.75,0.0,0.0,34,2,0.0,0.0,0
86,1,28870425,0.01,0.0,0.0003,rulebase,2.476392355066359e-11,0.0,1.4102228879928589,-1.3543408172722593e-08,1.0,0.0002481431292835623,0.0007022955687716603,0.0,-1.5,1.0,0.0,25,2,0.0,0.0,0
86,2,28880425,0.01,0.0,0.0003,rulebase,1.5037113915150613e-11,0.0,1.2644113302230835,-5.880830489246591e-09,1.0,0.00035197671968489885,0.0008996326359920204,0.0,1.0,0.0,0.0,21,2,0.0,0.0,0
87,0,28960425,0.01,0.001,3e-05,rulebase,0.0,0.0,1.5254433155059814,-9.052143923327094e-09,1.0,3.524369094520807e-05,6.60167497699149e-05,0.0,-0.5,0.5,0.0,16,2,0.0,0.0,0
87,1,28970425,0.01,0.001,3e-05,rulebase,5.27666777459801e-13,0.0,1.386020541191101,1.1851307490928775e-08,1.0,4.457148679648526e-05,7.19738527550362e-05,0.0,0.75,0.0,0.0,30,2,0.0,0.0,0
87,2,28980425,0.01,0.001,3e-05,rulebase,7.56320949878847e-13,0.0,1.4335036277770996,1.5144602238947868e-09,1.0,3.04257009702269e-05,7.302142330445349e-05,0.0,-1.5,1.0,0.0,24,2,0.0,0.0,0
88,0,29060425,0.01,0.001,0.0001,rulebase,0.0,0.0,1.3535432815551758,-3.645453716671909e-08,1.0,0.0001479273778386414,0.00027448649052530527,0.0,0.75,0.0,0.0,32,2,0.0,0.0,0
88,1,29070425,0.01,0.001,0.0001,rulebase,2.8647700531236886e-12,0.0,1.396721601486206,-6.487678394506702e-09,1.0,0.00030154455453157425,0.0005163107416592538,0.0,0.5,0.0,0.0,18,2,0.0,0.0,0
88,2,29080425,0.01,0.001,0.0001,rulebase,1.3369911731550554e-12,0.0,1.3750568628311157,-9.704621994899298e-09,1.0,0.0003879836294800043,0.0006130426190793514,0.0,0.75,0.0,0.0,33,2,0.0,0.0,0
89,0,29160425,0.01,0.001,0.0003,rulebase,0.0,0.0,1.380321979522705,-9.544158352525756e-09,1.0,0.0003179506165906787,0.000488563789986074,0.0,-0.5,0.5,0.0,23,2,0.0,0.0,0
89,1,29170425,0.01,0.001,0.0003,rulebase,1.6857246501467138e-11,0.0,1.4462100267410278,-1.3406236121227266e-08,1.0,0.0006427896441891789,0.0011859489604830742,0.0,-0.5,0.5,0.0,28,2,0.0,0.0,0
89,2,29180425,0.01,0.001,0.0003,rulebase,1.6468781893763662e-10,0.0,1.5144284963607788,-1.4562778538618204e-08,1.0,0.0007282463484443724,0.001525751082226634,0.0,1.0,0.0,0.0,36,2,0.0,0.0,0
90,0,29260425,0.01,0.005,3e-05,rulebase,0.0,0.0,1.3879499435424805,-1.416087069827654e-08,1.0,1.9533732483978383e-05,5.2031165978405625e-05,0.0,-1.5,1.0,0.0,24,2,0.0,0.0,0
90,1,29270425,0.01,0.005,3e-05,rulebase,8.194873273893732e-13,0.0,1.5399900674819946,-4.6907448592037326e-08,1.0,1.613982385606505e-05,6.476017006207258e-05,0.0,-0.5,0.5,0.0,28,2,0.0,0.0,0
90,2,29280425,0.01,0.005,3e-05,rulebase,1.7980431596745228e-12,0.0,1.528013825416565,-4.394407326913097e-08,1.0,2.4128798031597398e-05,7.453964644810185e-05,0.0,-0.5,0.5,0.0,24,2,0.0,0.0,0
91,0,29360425,0.01,0.005,0.0001,rulebase,0.0,0.0,1.4104363918304443,1.2310340302690292e-08,1.0,0.0002233067061752081,0.00044588325545191765,0.0,0.75,0.0,0.0,29,2,0.0,0.0,0
91,1,29370425,0.01,0.005,0.0001,rulebase,6.4559252041518356e-12,0.0,1.4591785669326782,-1.1076839001589178e-08,1.0,0.00044706257176585495,0.0008080725092440844,0.0,-0.25,0.5,0.0,31,2,0.0,0.0,0
91,2,29380425,0.01,0.005,0.0001,rulebase,1.5333156619390387e-11,0.0,1.4119243621826172,1.6679248204809483e-08,1.0,0.0005966979078948498,0.0011222800239920616,0.0,-0.25,0.5,0.0,35,2,0.0,0.0,0
92,0,29460425,0.01,0.005,0.0003,rulebase,0.0,0.0,1.4326990842819214,7.272494606525015e-09,1.0,0.0002527899341657758,0.0005960643757134676,0.0,0.75,0.0,0.0,26,2,0.0,0.0,0
92,1,29470425,0.01,0.005,0.0003,rulebase,9.056502076054684e-11,0.0,1.5209529399871826,-1.512260894287465e-08,1.0,0.0005880170501768589,0.001670275698415935,0.0,-0.25,0.5,0.0,31,2,0.0,0.0,0
92,2,29480425,0.01,0.005,0.0003,rulebase,1.7889251191505195e-10,0.0,1.430220603942871,-1.0581657772235076e-09,1.0,0.0006615252932533622,0.0016759925056248903,0.0,0.75,0.0,0.0,35,2,0.0,0.0,0
93,0,29560425,0.01,0.01,3e-05,rulebase,0.0,0.0,1.5398740768432617,-4.8959702958484286e-09,1.0,1.2227603292558342e-05,4.251057907822542e-05,0.0,1.0,0.0,0.0,34,2,0.0,0.0,0
93,1,29570425,0.01,0.01,3e-05,rulebase,2.070980322996241e-12,0.0,1.4124107360839844,-2.282555833232891e-08,1.0,3.864285463350825e-05,7.81189592089504e-05,0.0,0.5,0.0,0.0,30,2,0.0,0.0,0
93,2,29580425,0.01,0.01,3e-05,rulebase,2.7298005435966166e-12,0.0,1.4068984985351562,6.454505374620112e-09,1.0,5.814062387798913e-05,9.719958325149491e-05,0.0,1.0,0.0,0.0,28,2,0.0,0.0,0
94,0,29660425,0.01,0.01,0.0001,rulebase,0.0,0.0,1.465311050415039,-2.9632328590878387e-08,1.0,6.401041900971904e-05,0.00013840955216437578,0.0,1.0,0.0,0.0,28,2,0.0,0.0,0
94,1,29670425,0.01,0.01,0.0001,rulebase,4.2101964276008985e-12,0.0,1.36931574344635,2.2728109172476252e-08,1.0,0.00011483096750453115,0.00024611735716462135,0.0,-0.25,0.5,0.0,25,2,0.0,0.0,0
94,2,29680425,0.01,0.01,0.0001,rulebase,1.1562972801471005e-11,0.0,1.4230742454528809,-4.74837769104397e-09,1.0,0.0001398933382006362,0.000331027724314481,0.0,1.0,0.0,0.0,36,2,0.0,0.0,0
95,0,29760425,0.01,0.01,0.0003,rulebase,0.0,0.0,1.4830348491668701,-3.0877018275532464e-08,1.0,0.0001464780216338113,0.00042949695489369333,0.0,0.75,0.0,0.0,36,2,0.0,0.0,0
95,1,29770425,0.01,0.01,0.0003,rulebase,6.527001161771295e-12,0.0,1.4951237440109253,-9.94499771422852e-09,1.0,0.00028063872014172375,0.0008882294641807675,0.0,-0.25,0.5,0.0,32,2,0.0,0.0,0
95,2,29780425,0.01,0.01,0.0003,rulebase,1.2282061478963158e-10,0.0,1.458749771118164,-3.449324381676888e-08,1.0,0.0005065157311037183,0.0011967450845986605,0.0,1.0,0.0,0.0,36,2,0.0,0.0,0
96,0,29860425,0.02,0.0,3e-05,rulebase,0.0,0.0,1.4348331689834595,4.8251265205578875e-09,1.0,1.1096609341620933e-05,4.1896542825270444e-05,0.0,0.75,0.0,0.0,23,2,0.0,0.0,0
96,1,29870425,0.02,0.0,3e-05,rulebase,7.689543446431912e-13,0.0,1.3899054527282715,-8.856488875608193e-10,1.0,1.5382929632323794e-05,6.93646288709715e-05,0.0,-0.25,0.5,0.0,32,2,0.0,0.0,0
96,2,29880425,0.02,0.0,3e-05,rulebase,1.4995847445742339e-12,0.0,1.3742831945419312,-3.2729103871531606e-09,1.0,2.2357466150424443e-05,7.423930219374597e-05,0.0,-0.25,0.5,0.0,34,2,0.0,0.0,0
97,0,29960425,0.02,0.0,0.0001,rulebase,0.0,0.0,1.3684948682785034,-7.184280392813491e-10,1.0,0.00013156502973288298,0.0002720477059483528,0.0,-1.5,1.0,0.0,25,2,0.0,0.0,0
97,1,29970425,0.02,0.0,0.0001,rulebase,4.884146472677875e-12,0.0,1.3507444858551025,1.6224957377630744e-08,1.0,0.00017486063006799668,0.00034767051693052053,0.0,-1.5,1.0,0.0,25,2,0.0,0.0,0
97,2,29980425,0.02,0.0,0.0001,rulebase,1.7417900455285462e-11,0.0,1.3221513032913208,-1.7366611482216854e-09,1.0,0.00015608362446073443,0.00033266196260228753,0.0,-0.25,0.5,0.0,24,2,0.0,0.0,0
98,0,30060425,0.02,0.0,0.0003,rulebase,0.0,0.0,1.5151382684707642,2.5763437605519357e-08,1.0,0.0006714179180562496,0.0009579074685461819,0.0,-0.5,0.5,0.0,25,2,0.0,0.0,0
98,1,30070425,0.02,0.0,0.0003,rulebase,4.43400871574795e-11,0.0,1.501125454902649,3.5143270515902714e-09,1.0,0.0010849166428670287,0.0013787909410893917,0.0,-1.5,1.0,0.0,23,2,0.0,0.0,0
98,2,30080425,0.02,0.0,0.0003,rulebase,1.2154673101338886e-10,0.0,1.3851568698883057,2.388882203163689e-09,1.0,0.0017189846839755774,0.0024046516045928,0.0,-0.5,0.5,0.0,31,2,0.0,0.0,0
99,0,30160425,0.02,0.001,3e-05,rulebase,0.0,0.0,1.3590525388717651,7.3615438189733595e-09,1.0,6.654106073256116e-06,2.464679528202396e-05,0.0,-0.25,0.5,0.0,34,2,0.0,0.0,0
99,1,30170425,0.02,0.001,3e-05,rulebase,1.4176314744492047e-13,0.0,1.4549847841262817,-2.6882506887204727e-08,1.0,1.75470850081183e-05,5.078821777715348e-05,0.0,-0.25,0.5,0.0,27,2,0.0,0.0,0
99,2,30180425,0.02,0.001,3e-05,rulebase,2.0675248893573667e-13,0.0,1.5103577375411987,-3.538463388963464e-08,1.0,1.9305256500956602e-05,6.0163732996443287e-05,0.0,-1.5,1.0,0.0,23,2,0.0,0.0,0
100,0,30260425,0.02,0.001,0.0001,rulebase,0.0,0.0,1.3952114582061768,-4.3882208977663595e-09,1.0,0.00013737512927036732,0.00022044280194677413,0.0,-0.5,0.5,0.0,30,2,0.0,0.0,0
100,1,30270425,0.02,0.001,0.0001,rulebase,9.413966134408369e-12,0.0,1.3943742513656616,8.246070493100888e-09,1.0,0.00021397098316811025,0.00034286323352716863,0.0,-0.25,0.5,0.0,30,2,0.0,0.0,0
100,2,30280425,0.02,0.001,0.0001,rulebase,9.685218772814697e-12,0.0,1.5302937030792236,-1.541300953533664e-08,1.0,0.0002838716609403491,0.0005047558806836605,0.0,-0.5,0.5,0.0,23,2,0.0,0.0,0
101,0,30360425,0.02,0.001,0.0003,rulebase,0.0,0.0,1.3994784355163574,1.4444860418905137e-08,1.0,0.0004301403823774308,0.0008182339370250702,0.0,0.5,0.0,0.0,24,2,0.0,0.0,0
101,1,30370425,0.02,0.001,0.0003,rulebase,2.5928989857981755e-11,0.0,1.3964780569076538,-7.242184629774329e-09,1.0,0.000854752492159605,0.0014486578293144703,0.0,-0.25,0.5,0.0,28,2,0.0,0.0,0
101,2,30380425,0.02,0.001,0.0003,rulebase,5.9000054841718e-11,0.0,1.3411250114440918,4.8132697827441007e-08,1.0,0.0011854433687403798,0.00224474398419261,0.0,-1.5,1.0,0.0,16,2,0.0,0.0,0
102,0,30460425,0.02,0.005,3e-05,rulebase,0.0,0.0,1.4802320003509521,-3.3438993796153227e-09,1.0,5.1103084842907265e-05,7.81438357080333e-05,0.0,-0.25,0.5,0.0,32,2,0.0,0.0,0
102,1,30470425,0.02,0.005,3e-05,rulebase,4.5270455136317556e-13,0.0,1.468302607536316,2.381572494769557e-09,1.0,8.230991807067767e-05,0.00014297501184046268,0.0,-1.5,1.0,0.0,30,2,0.0,0.0,0
102,2,30480425,0.02,0.005,3e-05,rulebase,8.049561017742235e-12,0.0,1.2909260988235474,1.7912817895648914e-08,1.0,0.0001283975871047005,0.00021938169084023684,0.0,-0.25,0.5,0.0,27,2,0.0,0.0,0
103,0,30560425,0.02,0.005,0.0001,rulebase,0.0,0.0,1.3728368282318115,-6.087572668178609e-09,1.0,7.082927913870662e-05,0.00015863092266954482,0.0,-1.5,1.0,0.0,21,2,0.0,0.0,0
103,1,30570425,0.02,0.005,0.0001,rulebase,1.2762754178149982e-12,0.0,1.5120421648025513,-3.318270458407824e-08,1.0,7.380385795840994e-05,0.000220281450310722,0.0,-0.5,0.5,0.0,24,2,0.0,0.0,0
103,2,30580425,0.02,0.005,0.0001,rulebase,3.975690002905319e-12,0.0,1.529877781867981,-2.5441115880653342e-08,1.0,0.00016835841233842075,0.0003511009272187948,0.0,-0.5,0.5,0.0,24,2,0.0,0.0,0
104,0,30660425,0.02,0.005,0.0003,rulebase,0.0,0.0,1.5064245462417603,-4.508721573870389e-08,1.0,0.000462267198599875,0.0006878788117319345,0.0,1.0,0.0,0.0,36,2,0.0,0.0,0
104,1,30670425,0.02,0.005,0.0003,rulebase,6.610254444511243e-12,0.0,1.3719552755355835,1.6748110454045673e-08,1.0,0.0004496981273405254,0.0008391722803935409,0.0,-0.25,0.5,0.0,33,2,0.0,0.0,0
104,2,30680425,0.02,0.005,0.0003,rulebase,1.8581717761700922e-11,0.0,1.3532332181930542,6.174328159858078e-09,1.0,0.0004461302305571735,0.0010874092113226652,0.0,-0.5,0.5,0.0,29,2,0.0,0.0,0
105,0,30760425,0.02,0.01,3e-05,rulebase,0.0,0.0,1.3718422651290894,2.835363410724767e-08,1.0,2.4386390578001738e-05,4.9038208089768887e-05,0.0,0.75,0.0,0.0,30,2,0.0,0.0,0
105,1,30770425,0.02,0.01,3e-05,rulebase,4.866930968482064e-13,0.0,1.5030802488327026,-4.564495625913878e-08,1.0,2.5131210350082256e-05,7.354711124207824e-05,0.0,-0.25,0.5,0.0,31,2,0.0,0.0,0
105,2,30780425,0.02,0.01,3e-05,rulebase,1.8759067920998823e-13,0.0,1.318043828010559,-9.384658605782192e-10,1.0,4.622478081728332e-05,9.45717329159379e-05,0.0,1.0,0.0,0.0,24,2,0.0,0.0,0
106,0,30860425,0.02,0.01,0.0001,rulebase,0.0,0.0,1.5350677967071533,7.705218685316595e-09,1.0,0.00015544089546892792,0.000260087545029819,0.0,-0.5,0.5,0.0,22,2,0.0,0.0,0
106,1,30870425,0.02,0.01,0.0001,rulebase,2.64221977630541e-12,0.0,1.3937838077545166,1.9595688627305208e-08,1.0,0.0003115084837190807,0.0005656953435391188,0.0,1.0,0.0,0.0,36,2,0.0,0.0,0
106,2,30880425,0.02,0.01,0.0001,rulebase,3.9663623947749915e-12,0.0,1.597672700881958,-3.748771959521946e-09,1.0,0.00046366031165234745,0.0007737806299701333,0.0,0.5,0.0,0.0,22,2,0.0,0.0,0
107,0,30960425,0.02,0.01,0.0003,rulebase,0.0,0.0,1.342032551765442,-8.814991403482964e-09,1.0,0.0005195263656787574,0.0009597975295037031,0.0,-0.5,0.5,0.0,27,2,0.0,0.0,0
107,1,30970425,0.02,0.01,0.0003,rulebase,1.8658536521387603e-11,0.0,1.4032187461853027,1.9601646972233766e-09,1.0,0.001000331132672727,0.0017763678915798664,0.0,0.75,0.0,0.0,31,2,0.0,0.0,0
107,2,30980425,0.02,0.01,0.0003,rulebase,2.4930132611067357e-11,0.0,1.429001808166504,3.230940848197861e-08,1.0,0.001491533825173974,0.0025998351629823446,0.0,-0.5,0.5,0.0,21,2,0.0,0.0,0
108,0,31060425,0.05,0.0,3e-05,rulebase,0.0,0.0,1.4013186693191528,8.990127531305347e-10,1.0,2.983450576721225e-05,6.586041854461655e-05,0.0,-1.5,1.0,0.0,20,2,0.0,0.0,0
108,1,31070425,0.05,0.0,3e-05,rulebase,1.2955154798325458e-13,0.0,1.483431100845337,-2.4081694860456082e-08,1.0,6.425711035262793e-05,0.00011084436846431345,0.0,-1.5,1.0,0.0,29,2,0.0,0.0,0
108,2,31080425,0.05,0.0,3e-05,rulebase,2.8145105061654074e-13,0.0,1.4063820838928223,-1.4111401824834502e-08,1.0,0.00010615277278702706,0.00020621414296329021,0.0,-0.25,0.5,0.0,35,2,0.0,0.0,0
109,0,31160425,0.05,0.0,0.0001,rulebase,0.0,0.0,1.2658976316452026,-5.002395830899786e-09,1.0,0.00010819086310220882,0.000219529916648753,0.0,-0.25,0.5,0.0,26,2,0.0,0.0,0
109,1,31170425,0.05,0.0,0.0001,rulebase,5.41496665215635e-12,0.0,1.255568504333496,4.8129265017848866e-09,1.0,0.00014786163228563964,0.00031427646172232926,0.0,-1.5,1.0,0.0,19,2,0.0,0.0,0
109,2,31180425,0.05,0.0,0.0001,rulebase,4.327903053297222e-12,0.0,1.4095512628555298,2.055999637207151e-08,1.0,0.00016756574041210115,0.00031525298254564404,0.0,0.75,0.0,0.0,28,2,0.0,0.0,0
110,0,31260425,0.05,0.0,0.0003,rulebase,0.0,0.0,1.3439123630523682,-1.9314892796273853e-08,1.0,0.0006666002445854247,0.0013880510814487934,0.0,0.75,0.0,0.0,29,2,0.0,0.0,0
110,1,31270425,0.05,0.0,0.0003,rulebase,6.620722026173809e-11,0.0,1.4154388904571533,-1.636408342164941e-08,1.0,0.0005860957317054272,0.0012878460111096501,0.0,0.5,0.0,0.0,10,2,0.0,0.0,0
110,2,31280425,0.05,0.0,0.0003,rulebase,5.7747695514365205e-11,0.0,1.4349642992019653,2.895453432572026e-09,1.0,0.0007436434389092028,0.001526332343928516,0.0,0.75,0.0,0.0,24,2,0.0,0.0,0
111,0,31360425,0.05,0.001,3e-05,rulebase,0.0,0.0,1.4925414323806763,3.758780664497863e-08,1.0,2.8649823434534483e-05,5.2660579967778176e-05,0.0,-1.5,1.0,0.0,24,2,0.0,0.0,0
111,1,31370425,0.05,0.001,3e-05,rulebase,3.070746171988763e-14,0.0,1.4937467575073242,-3.2904743818562565e-08,1.0,6.61243248032406e-05,0.00011169807112310082,0.0,-0.5,0.5,0.0,34,2,0.0,0.0,0
111,2,31380425,0.05,0.001,3e-05,rulebase,3.006631944281468e-13,0.0,1.423675537109375,-1.1270761213211244e-08,1.0,9.369752660859376e-05,0.00017577888502273709,0.0,-0.5,0.5,0.0,30,2,0.0,0.0,0
112,0,31460425,0.05,0.001,0.0001,rulebase,0.0,0.0,1.487999677658081,-4.082259863480431e-08,1.0,0.00022854350390844047,0.0003556521260179579,0.0,0.5,0.0,0.0,32,2,0.0,0.0,0
112,1,31470425,0.05,0.001,0.0001,rulebase,8.565006343053128e-12,0.0,1.3714590072631836,1.6063494978624249e-10,1.0,0.0003158601757604629,0.0004867456736974418,0.0,-1.5,1.0,0.0,25,2,0.0,0.0,0
112,2,31480425,0.05,0.001,0.0001,rulebase,2.4849493990286575e-11,0.0,1.4635142087936401,-2.4424064548611568e-08,1.0,0.000474221829790622,0.0007563128601759672,0.0,-0.5,0.5,0.0,23,2,0.0,0.0,0
113,0,31560425,0.05,0.001,0.0003,rulebase,0.0,0.0,1.385333776473999,1.2603527110854884e-08,1.0,0.00012413185322657228,0.00036801816895604134,0.0,-0.25,0.5,0.0,29,2,0.0,0.0,0
113,1,31570425,0.05,0.001,0.0003,rulebase,6.750965064750147e-11,0.0,1.3360081911087036,7.291240056161996e-09,1.0,0.0001800256286514923,0.0006111118709668517,0.0,1.0,0.0,0.0,33,2,0.0,0.0,0
113,2,31580425,0.05,0.001,0.0003,rulebase,3.209673082871234e-10,0.0,1.3478738069534302,5.095879718197693e-09,1.0,0.0002489887992851436,0.0007473387522622943,0.0,-0.25,0.5,0.0,34,2,0.0,0.0,0
114,0,31660425,0.05,0.005,3e-05,rulebase,0.0,0.0,1.4255859851837158,-9.033960246540573e-09,1.0,6.06279463681858e-05,0.0001220416888827458,0.0,1.0,0.0,0.0,36,2,0.0,0.0,0
114,1,31670425,0.05,0.005,3e-05,rulebase,3.416542873266315e-12,0.0,1.4627199172973633,-1.3568970835819982e-08,1.0,7.799299055477604e-05,0.00013629593013320118,0.0,-0.25,0.5,0.0,27,2,0.0,0.0,0
114,2,31680425,0.05,0.005,3e-05,rulebase,4.416980670107762e-12,0.0,1.3959161043167114,1.3138219401298556e-09,1.0,8.844114927342162e-05,0.00019544769020285457,0.0,-0.25,0.5,0.0,32,2,0.0,0.0,0
115,0,31760425,0.05,0.005,0.0001,rulebase,0.0,0.0,1.3956341743469238,-1.7054945899985796e-08,1.0,0.00013945686805527657,0.0002715699083637446,0.0,-1.5,1.0,0.0,27,2,0.0,0.0,0
115,1,31770425,0.05,0.005,0.0001,rulebase,4.750052347984868e-12,0.0,1.4171457290649414,-1.5667277475372998e-09,1.0,0.00018929835641756654,0.0003019549767486751,0.0,-0.5,0.5,0.0,24,2,0.0,0.0,0
115,2,31780425,0.05,0.005,0.0001,rulebase,4.3454571538315e-12,0.0,1.4340299367904663,-1.3173666602028788e-08,1.0,0.0001970963057829067,0.00032869295682758093,0.0,-0.5,0.5,0.0,30,2,0.0,0.0,0
116,0,31860425,0.05,0.005,0.0003,rulebase,0.0,0.0,1.4326860904693604,2.2563957813304114e-08,1.0,0.0001488591224187985,0.00038368708919733763,0.0,1.0,0.0,0.0,36,2,0.0,0.0,0
116,1,31870425,0.05,0.005,0.0003,rulebase,3.374200571726327e-11,0.0,1.424837589263916,-1.9299074338618993e-08,1.0,0.0002912339405156672,0.0006769958417862654,0.0,-1.5,1.0,0.0,29,2,0.0,0.0,0
116,2,31880425,0.05,0.005,0.0003,rulebase,2.50711201799092e-10,0.0,1.533644676208496,-2.4369459339368404e-08,1.0,0.0004556911299005151,0.0009507604409009218,0.0,0.5,0.0,0.0,28,2,0.0,0.0,0
117,0,31960425,0.05,0.01,3e-05,rulebase,0.0,0.0,1.3473597764968872,-3.2212379430518467e-09,1.0,3.456508420640603e-05,5.277447053231299e-05,0.0,-0.25,0.5,0.0,26,2,0.0,0.0,0
117,1,31970425,0.05,0.01,3e-05,rulebase,7.307118099616691e-14,0.0,1.5133363008499146,-3.361325795481207e-08,1.0,3.800063859671354e-05,8.21341818664223e-05,0.0,0.5,0.0,0.0,24,2,0.0,0.0,0
117,2,31980425,0.05,0.01,3e-05,rulebase,5.687425899160437e-13,0.0,1.4107489585876465,-8.000812456998574e-09,1.0,3.7685582356061786e-05,8.788100240053609e-05,0.0,1.0,0.0,0.0,36,2,0.0,0.0,0
118,0,32060425,0.05,0.01,0.0001,rulebase,0.0,0.0,1.3946934938430786,-1.3840636414741425e-09,1.0,2.6082499971380457e-05,7.14543421054259e-05,0.0,-0.5,0.5,0.0,17,2,0.0,0.0,0
118,1,32070425,0.05,0.01,0.0001,rulebase,4.073284949352579e-13,0.0,1.5226565599441528,1.322972931205868e-08,1.0,6.597908213734627e-05,0.00021002932044211775,0.0,-0.5,0.5,0.0,27,2,0.0,0.0,0
118,2,32080425,0.05,0.01,0.0001,rulebase,5.526986420617552e-12,0.0,1.3931779861450195,-6.3838672126337315e-09,1.0,0.00011202703171875328,0.00027573390980251133,0.0,0.75,0.0,0.0,33,2,0.0,0.0,0
119,0,32160425,0.05,0.01,0.0003,rulebase,0.0,0.0,1.43503999710083,-3.135876269766413e-08,1.0,0.00039665019721724093,0.0006731180474162102,0.0,-0.25,0.5,0.0,31,2,0.0,0.0,0
119,1,32170425,0.05,0.01,0.0003,rulebase,4.6091908068035536e-11,0.0,1.5112580060958862,-2.061413439946591e-08,1.0,0.00035697247949428856,0.0006217866903170943,0.0,-0.25,0.5,0.0,28,2,0.0,0.0,0
119,2,32180425,0.05,0.01,0.0003,rulebase,3.004835963382746e-11,0.0,1.4746067523956299,-1.5710433842741622e-08,1.0,0.0002780664653982967,0.0005921223782934248,0.0,1.0,0.0,0.0,36,2,0.0,0.0,0
