config_id,iteration,seed,rule_kl_coef,entropy_coef,lr,approx_kl,clip_fraction,entropy,rule_kl,rule_agreement,neural_delta_abs_mean,neural_delta_abs_max,top1_action_changed_rate,rank_pt,fourth_rate,deal_in_rate,batch_size,episode_count,illegal_action_rate,fallback_rate,forced_terminal_missed
0,0,20260425,0.0,0.0,3e-05,0.0,0.0,1.4437192678451538,2.0196036842889953e-08,1.0,2.142323319276329e-05,6.798114918638021e-05,0.0,1.0,0.0,0.0,36,2,0.0,0.0,0
0,1,20270425,0.0,0.0,3e-05,3.999841256818737e-12,0.0,1.4438496828079224,1.3662285747173541e-09,1.0,2.5628967705415562e-05,0.00010667680180631578,0.0,-0.5,0.5,0.0,19,2,0.0,0.0,0
0,2,20280425,0.0,0.0,3e-05,3.6234676283747325e-12,0.0,1.4205408096313477,-1.238516489365793e-08,1.0,3.2098283554660156e-05,0.0001314075052505359,0.0,0.75,0.0,0.0,34,2,0.0,0.0,0
1,0,20360425,0.0,0.0,0.0001,0.0,0.0,1.5930243730545044,-1.7865948720441338e-08,1.0,8.061647531576455e-05,0.00016169267473742366,0.0,-0.5,0.5,0.0,22,2,0.0,0.0,0
1,1,20370425,0.0,0.0,0.0001,5.566337321627479e-12,0.0,1.3861298561096191,-3.7681879838658006e-09,1.0,9.888355998555198e-05,0.00020529417088255286,0.0,1.0,0.0,0.0,36,2,0.0,0.0,0
1,2,20380425,0.0,0.0,0.0001,1.985744901844555e-12,0.0,1.3318521976470947,1.5690046595295826e-08,1.0,0.00015766508295200765,0.00033062431612052023,0.0,1.0,0.0,0.0,36,2,0.0,0.0,0
2,0,20460425,0.0,0.0,0.0003,0.0,0.0,1.3998842239379883,-1.1450278059044194e-08,1.0,0.0001099125511245802,0.00048477985546924174,0.0,0.75,0.0,0.0,35,2,0.0,0.0,0
2,1,20470425,0.0,0.0,0.0003,1.2362166845747424e-10,0.0,1.566169023513794,-4.304245848629762e-08,1.0,0.00019153791072312742,0.0006386507302522659,0.0,-0.25,0.5,0.0,34,2,0.0,0.0,0
2,2,20480425,0.0,0.0,0.0003,8.957033725831565e-11,0.0,1.3368374109268188,1.514863967599922e-08,1.0,0.0002642392064444721,0.0008299921173602343,0.0,0.75,0.0,0.0,30,2,0.0,0.0,0
3,0,20560425,0.0,0.001,3e-05,0.0,0.0,1.408551812171936,1.3162958500956279e-09,1.0,2.1305508198565803e-05,5.283541395328939e-05,0.0,-0.5,0.5,0.0,23,2,0.0,0.0,0
3,1,20570425,0.0,0.001,3e-05,1.457167719820518e-13,0.0,1.3574247360229492,3.083687261096202e-08,1.0,2.9747863663942553e-05,6.207296246429905e-05,0.0,-0.5,0.5,0.0,24,2,0.0,0.0,0
3,2,20580425,0.0,0.001,3e-05,3.864641896431098e-13,0.0,1.3331893682479858,2.6071029779473065e-09,1.0,2.743984805420041e-05,7.106766861397773e-05,0.0,-0.25,0.5,0.0,25,2,0.0,0.0,0
4,0,20660425,0.0,0.001,0.0001,0.0,0.0,1.502706527709961,-1.1924384812900257e-09,1.0,7.783343608025461e-05,0.0002082552236970514,0.0,-0.25,0.5,0.0,35,2,0.0,0.0,0
4,1,20670425,0.0,0.001,0.0001,2.532891257844838e-11,0.0,1.4793522357940674,-2.6203117897694028e-08,1.0,0.0001887057878775522,0.0003973906277678907,0.0,-0.25,0.5,0.0,36,2,0.0,0.0,0
4,2,20680425,0.0,0.001,0.0001,5.2312820741917676e-11,0.0,1.4260427951812744,1.7518111405934178e-08,1.0,0.00022250889742281288,0.0006384494481608272,0.0,-0.5,0.5,0.0,17,2,0.0,0.0,0
5,0,20760425,0.0,0.001,0.0003,0.0,0.0,1.4217243194580078,-2.1906190750264898e-10,1.0,0.00012870252248831093,0.0003513644332997501,0.0,1.0,0.0,0.0,36,2,0.0,0.0,0
5,1,20770425,0.0,0.001,0.0003,1.533056841196423e-11,0.0,1.3974498510360718,2.7873118924048867e-08,1.0,0.00015138807066250592,0.0004864336224272847,0.0,-0.25,0.5,0.0,35,2,0.0,0.0,0
5,2,20780425,0.0,0.001,0.0003,1.6288845272605101e-10,0.0,1.3724206686019897,8.745662527509523e-10,1.0,0.0003107711090706289,0.0009710388840176165,0.0,-0.5,0.5,0.0,31,2,0.0,0.0,0
6,0,20860425,0.0,0.005,3e-05,0.0,0.0,1.4649667739868164,-2.061310455658827e-09,1.0,1.4542006283591036e-05,4.630566400010139e-05,0.0,-0.5,0.5,0.0,23,2,0.0,0.0,0
6,1,20870425,0.0,0.005,3e-05,8.918643818259242e-13,0.0,1.576759934425354,3.0227966796303463e-09,1.0,2.8452010155888274e-05,8.75767000252381e-05,0.0,-1.5,1.0,0.0,20,2,0.0,0.0,0
6,2,20880425,0.0,0.005,3e-05,5.2182173512771435e-12,0.0,1.4377700090408325,-1.0873073996719995e-08,1.0,2.536308966227807e-05,8.547771722078323e-05,0.0,-0.25,0.5,0.0,21,2,0.0,0.0,0
7,0,20960425,0.0,0.005,0.0001,0.0,0.0,1.55391526222229,-2.847685465212635e-08,1.0,0.0001009026454994455,0.00032800284679979086,0.0,-0.25,0.5,0.0,30,2,0.0,0.0,0
7,1,20970425,0.0,0.005,0.0001,1.9228887579436638e-11,0.0,1.426566481590271,2.2422359080565002e-08,1.0,0.00010504198144190013,0.00033746956614777446,0.0,-0.25,0.5,0.0,33,2,0.0,0.0,0
7,2,20980425,0.0,0.005,0.0001,1.3688085387375537e-11,0.0,1.3373514413833618,-2.485449068778678e-10,1.0,0.00020473130280151963,0.0005275777657516301,0.0,-0.25,0.5,0.0,29,2,0.0,0.0,0
8,0,21060425,0.0,0.005,0.0003,0.0,0.0,1.382883906364441,-7.652764644205945e-09,1.0,0.0001996087667066604,0.000450184044893831,0.0,-1.5,1.0,0.0,28,2,0.0,0.0,0
8,1,21070425,0.0,0.005,0.0003,3.708692034032346e-11,0.0,1.5711053609848022,-2.9423388170357612e-08,1.0,0.00028955191373825073,0.0007724851602688432,0.0,-0.5,0.5,0.0,25,2,0.0,0.0,0
8,2,21080425,0.0,0.005,0.0003,3.456469832574527e-11,0.0,1.4891453981399536,-5.3919970710580856e-09,1.0,0.0002895162033382803,0.0007852876442484558,0.0,-0.5,0.5,0.0,32,2,0.0,0.0,0
9,0,21160425,0.0,0.01,3e-05,0.0,0.0,1.4079087972640991,2.5043030760230067e-08,1.0,5.144503666087985e-05,9.931540989782661e-05,0.0,-0.5,0.5,0.0,24,2,0.0,0.0,0
9,1,21170425,0.0,0.01,3e-05,6.079417026218226e-13,0.0,1.445465326309204,-1.956183304230308e-08,1.0,6.149996625026688e-05,0.00013523836969397962,0.0,-1.5,1.0,0.0,27,2,0.0,0.0,0
9,2,21180425,0.0,0.01,3e-05,1.2054734380845256e-12,0.0,1.405948281288147,2.658406117461709e-08,1.0,7.230169285321608e-05,0.0001648134784772992,0.0,0.75,0.0,0.0,33,2,0.0,0.0,0
10,0,21260425,0.0,0.01,0.0001,0.0,0.0,1.4067190885543823,1.736301213917102e-09,1.0,2.9979557439219207e-05,0.00011040866957046092,0.0,1.0,0.0,0.0,36,2,0.0,0.0,0
10,1,21270425,0.0,0.01,0.0001,1.4081763099332845e-12,0.0,1.370076060295105,-1.8048906369472206e-08,1.0,4.754780820803717e-05,0.00018913950771093369,0.0,-1.5,1.0,0.0,29,2,0.0,0.0,0
10,2,21280425,0.0,0.01,0.0001,3.914658527892634e-12,0.0,1.4285800457000732,1.47069147971024e-08,1.0,0.00010743126040324569,0.00039524471503682435,0.0,-0.25,0.5,0.0,36,2,0.0,0.0,0
11,0,21360425,0.0,0.01,0.0003,0.0,0.0,1.3331025838851929,-4.392354213678118e-08,1.0,0.0005402030074037611,0.0012160302139818668,0.0,0.75,0.0,0.0,27,2,0.0,0.0,0
11,1,21370425,0.0,0.01,0.0003,3.225647526861053e-11,0.0,1.4424248933792114,-1.347356115566356e-09,1.0,0.0011324153747409582,0.0022198427468538284,0.0,-0.5,0.5,0.0,33,2,0.0,0.0,0
11,2,21380425,0.0,0.01,0.0003,5.036844274997065e-10,0.0,1.5630097389221191,-3.1904860975373595e-08,1.0,0.0016526073450222611,0.003482153872027993,0.0,-1.5,1.0,0.0,25,2,0.0,0.0,0
12,0,21460425,0.001,0.0,3e-05,0.0,0.0,1.4583797454833984,-2.9171853821452487e-09,1.0,3.567485327948816e-05,6.807575846323743e-05,0.0,-0.5,0.5,0.0,24,2,0.0,0.0,0
12,1,21470425,0.001,0.0,3e-05,1.8062276934543986e-12,0.0,1.3095611333847046,-3.675579174355903e-09,1.0,6.982890045037493e-05,0.00011388584243832156,0.0,-0.25,0.5,0.0,19,2,0.0,0.0,0
12,2,21480425,0.001,0.0,3e-05,8.335267697411053e-13,0.0,1.5877025127410889,-4.625346861075741e-08,1.0,9.410305210622028e-05,0.00014264596393331885,0.0,-0.25,0.5,0.0,31,2,0.0,0.0,0
13,0,21560425,0.001,0.0,0.0001,0.0,0.0,1.4091726541519165,-1.4634063405516429e-10,1.0,0.00020645299809984863,0.00033984624315053225,0.0,0.75,0.0,0.0,31,2,0.0,0.0,0
13,1,21570425,0.001,0.0,0.0001,1.5981179921076283e-11,0.0,1.5018230676651,-1.180183062388096e-09,1.0,0.0003784435975831002,0.0006723828846588731,0.0,-0.5,0.5,0.0,12,2,0.0,0.0,0
13,2,21580425,0.001,0.0,0.0001,5.752104695333493e-11,0.0,1.4033185243606567,-2.0581104820394103e-08,1.0,0.0004666801542043686,0.0009247239795513451,0.0,-0.5,0.5,0.0,25,2,0.0,0.0,0
14,0,21660425,0.001,0.0,0.0003,0.0,0.0,1.4273242950439453,-1.2137537197531856e-08,1.0,0.00011310079571558163,0.00034502032212913036,0.0,0.75,0.0,0.0,22,2,0.0,0.0,0
14,1,21670425,0.001,0.0,0.0003,3.096339504238266e-11,0.0,1.2749544382095337,-3.233617817954837e-08,1.0,0.0003260622324887663,0.0008870525634847581,0.0,0.75,0.0,0.0,27,2,0.0,0.0,0
14,2,21680425,0.001,0.0,0.0003,4.2861679483419124e-11,0.0,1.466827392578125,-1.240671232416446e-09,1.0,0.00038231341750361025,0.0009464790928177536,0.0,-0.5,0.5,0.0,25,2,0.0,0.0,0
15,0,21760425,0.001,0.001,3e-05,0.0,0.0,1.4977480173110962,2.8475332314314983e-08,1.0,6.12060830462724e-06,2.3411281290464103e-05,0.0,-0.5,0.5,0.0,24,2,0.0,0.0,0
15,1,21770425,0.001,0.001,3e-05,1.6715517587705814e-13,0.0,1.4494050741195679,-2.982662294925831e-08,1.0,3.5746012144954875e-05,8.785927639110014e-05,0.0,-0.5,0.5,0.0,25,2,0.0,0.0,0
15,2,21780425,0.001,0.001,3e-05,4.532882044976788e-13,0.0,1.4862844944000244,-8.02312882797196e-09,1.0,8.151507063303143e-05,0.00014071051555220038,0.0,-0.5,0.5,0.0,21,2,0.0,0.0,0
16,0,21860425,0.001,0.001,0.0001,0.0,0.0,1.4909111261367798,-3.1239896003398826e-08,1.0,4.5149510697228834e-05,0.00015276478370651603,0.0,-0.5,0.5,0.0,27,2,0.0,0.0,0
16,1,21870425,0.001,0.001,0.0001,1.6964207816272392e-12,0.0,1.441147804260254,-3.5013243859793874e-08,1.0,3.63924955308903e-05,0.00012291943130549043,0.0,-0.25,0.5,0.0,31,2,0.0,0.0,0
16,2,21880425,0.001,0.001,0.0001,5.157976476488635e-12,0.0,1.3337788581848145,-7.75522668305939e-09,1.0,8.493188943248242e-05,0.00023150102060753852,0.0,0.5,0.0,0.0,26,2,0.0,0.0,0
17,0,21960425,0.001,0.001,0.0003,0.0,0.0,1.2329509258270264,1.0409962669655215e-08,1.0,9.034526738105342e-05,0.00029128562891855836,0.0,1.0,0.0,0.0,36,2,0.0,0.0,0
17,1,21970425,0.001,0.001,0.0003,1.2371676599842729e-11,0.0,1.5574793815612793,6.31311314336358e-09,1.0,0.0004033533623442054,0.0009412460494786501,0.0,-1.5,1.0,0.0,26,2,0.0,0.0,0
17,2,21980425,0.001,0.001,0.0003,1.8064398935035975e-11,0.0,1.3859832286834717,-1.527670967504946e-08,1.0,0.0007499397033825517,0.0012540202587842941,0.0,-0.25,0.5,0.0,34,2,0.0,0.0,0
18,0,22060425,0.001,0.005,3e-05,0.0,0.0,1.4500832557678223,-5.961434679235822e-10,1.0,3.137370367767289e-05,7.017450116109103e-05,0.0,0.75,0.0,0.0,30,2,0.0,0.0,0
18,1,22070425,0.001,0.005,3e-05,1.465034961834616e-13,0.0,1.4496053457260132,6.915296026782647e-12,1.0,5.7611396186985075e-05,0.00011231044481974095,0.0,0.75,0.0,0.0,29,2,0.0,0.0,0
18,2,22080425,0.001,0.005,3e-05,9.428806476904916e-13,0.0,1.402048945426941,4.832884314964758e-09,1.0,9.236921323463321e-05,0.00018282129894942045,0.0,0.75,0.0,0.0,28,2,0.0,0.0,0
19,0,22160425,0.001,0.005,0.0001,0.0,0.0,1.368939995765686,2.337251814310548e-08,1.0,0.00010111464507644996,0.0002626794739626348,0.0,-0.25,0.5,0.0,31,2,0.0,0.0,0
19,1,22170425,0.001,0.005,0.0001,1.4280219368112412e-11,0.0,1.4296238422393799,6.8919927542765436e-09,1.0,0.00022133129823487252,0.0006025937618687749,0.0,1.0,0.0,0.0,36,2,0.0,0.0,0
19,2,22180425,0.001,0.005,0.0001,3.005181867243856e-11,0.0,1.5789614915847778,-1.9871924106240613e-09,1.0,0.00017166859470307827,0.0004983805119991302,0.0,-0.5,0.5,0.0,25,2,0.0,0.0,0
20,0,22260425,0.001,0.005,0.0003,0.0,0.0,1.4545416831970215,-1.68366764974337e-09,1.0,0.00022219237871468067,0.0006401338032446802,0.0,-0.25,0.5,0.0,33,2,0.0,0.0,0
20,1,22270425,0.001,0.005,0.0003,1.6176249575949875e-11,0.0,1.3467841148376465,5.859822849174634e-09,1.0,0.0003527164808474481,0.0010295300744473934,0.0,-1.5,1.0,0.0,31,2,0.0,0.0,0
20,2,22280425,0.001,0.005,0.0003,4.131056885459117e-10,0.0,1.3768036365509033,4.626502736471139e-09,1.0,0.0002760195638984442,0.000905665336176753,0.0,-1.5,1.0,0.0,27,2,0.0,0.0,0
21,0,22360425,0.001,0.01,3e-05,0.0,0.0,1.326186180114746,2.1905892211293576e-08,1.0,1.1774879567383323e-05,3.987302625318989e-05,0.0,-0.5,0.5,0.0,23,2,0.0,0.0,0
21,1,22370425,0.001,0.01,3e-05,2.6434028035059176e-13,0.0,1.5290429592132568,-2.162365220215179e-08,1.0,2.61103778029792e-05,7.607806765008718e-05,0.0,-0.25,0.5,0.0,29,2,0.0,0.0,0
21,2,22380425,0.001,0.01,3e-05,1.6211158934339998e-12,0.0,1.4841883182525635,-3.353462929567286e-08,1.0,3.057156573049724e-05,9.399563714396209e-05,0.0,-0.25,0.5,0.0,35,2,0.0,0.0,0
22,0,22460425,0.001,0.01,0.0001,0.0,0.0,1.3930914402008057,2.6707462907893387e-09,1.0,0.00025290652411058545,0.0003791841445490718,0.0,-0.25,0.5,0.0,30,2,0.0,0.0,0
22,1,22470425,0.001,0.01,0.0001,5.833375015668052e-12,0.0,1.4959702491760254,-2.087116079962925e-08,1.0,0.00043614779133349657,0.0006168902618810534,0.0,0.75,0.0,0.0,27,2,0.0,0.0,0
22,2,22480425,0.001,0.01,0.0001,5.281700857923122e-12,0.0,1.4737486839294434,-2.3971566065483785e-08,1.0,0.00047125539276748896,0.0005930962506681681,0.0,-1.5,1.0,0.0,33,2,0.0,0.0,0
23,0,22560425,0.001,0.01,0.0003,0.0,0.0,1.455312728881836,6.994224310830077e-09,1.0,0.000691340072080493,0.0012889563804492354,0.0,-1.5,1.0,0.0,26,2,0.0,0.0,0
23,1,22570425,0.001,0.01,0.0003,3.380624391535747e-10,0.0,1.3254531621932983,1.156337248175987e-08,1.0,0.001257111318409443,0.002251738915219903,0.0,1.0,0.0,0.0,36,2,0.0,0.0,0
23,2,22580425,0.001,0.01,0.0003,9.888899699106446e-10,0.0,1.4600143432617188,-3.702336659472394e-09,1.0,0.001568643725477159,0.003078668611124158,0.0,-0.5,0.5,0.0,31,2,0.0,0.0,0
24,0,22660425,0.01,0.0,3e-05,0.0,0.0,1.4923816919326782,2.1228339086576398e-09,1.0,3.909338192897849e-05,7.320485019590706e-05,0.0,0.75,0.0,0.0,31,2,0.0,0.0,0
24,1,22670425,0.01,0.0,3e-05,1.1530170264742456e-13,0.0,1.4136780500411987,-1.2517485714624854e-08,1.0,3.8573773053940386e-05,0.00010596976790111512,0.0,-0.25,0.5,0.0,33,2,0.0,0.0,0
24,2,22680425,0.01,0.0,3e-05,1.1470190032156213e-12,0.0,1.5243253707885742,-1.7459711898482055e-08,1.0,3.171806747559458e-05,0.00012863482697866857,0.0,0.75,0.0,0.0,35,2,0.0,0.0,0
25,0,22760425,0.01,0.0,0.0001,0.0,0.0,1.3432295322418213,-1.1649571085570187e-08,1.0,9.945066994987428e-05,0.00016852861153893173,0.0,-0.5,0.5,0.0,31,2,0.0,0.0,0
25,1,22770425,0.01,0.0,0.0001,3.592470288263372e-13,0.0,1.4635480642318726,-1.9333247891495375e-08,1.0,0.00012758199591189623,0.0002483523858245462,0.0,-1.5,1.0,0.0,21,2,0.0,0.0,0
25,2,22780425,0.01,0.0,0.0001,4.953679393765453e-12,0.0,1.5337144136428833,-1.7970535282074707e-08,1.0,0.00013684666191693395,0.0002712426648940891,0.0,1.0,0.0,0.0,36,2,0.0,0.0,0
26,0,22860425,0.01,0.0,0.0003,0.0,0.0,1.431418538093567,-7.486606889983705e-09,1.0,0.0009767820592969656,0.0013013335410505533,0.0,1.0,0.0,0.0,36,2,0.0,0.0,0
26,1,22870425,0.01,0.0,0.0003,8.835904924398008e-11,0.0,1.5266040563583374,-1.901581470065139e-08,1.0,0.0014230041997507215,0.0019961141515523195,0.0,-0.5,0.5,0.0,28,2,0.0,0.0,0
26,2,22880425,0.01,0.0,0.0003,1.133148991305788e-10,0.0,1.526048183441162,-7.424461045957287e-09,1.0,0.001618867856450379,0.002211514860391617,0.0,0.75,0.0,0.0,36,2,0.0,0.0,0
27,0,22960425,0.01,0.001,3e-05,0.0,0.0,1.52281653881073,-2.6189498569806346e-08,1.0,3.078454756177962e-05,5.7022058172151446e-05,0.0,-1.5,1.0,0.0,19,2,0.0,0.0,0
27,1,22970425,0.01,0.001,3e-05,8.188878177980974e-13,0.0,1.4899623394012451,-3.440537810206479e-08,1.0,3.9900078263599426e-05,8.058467210503295e-05,0.0,-0.25,0.5,0.0,35,2,0.0,0.0,0
27,2,22980425,0.01,0.001,3e-05,1.8094118868147713e-12,0.0,1.3990898132324219,-1.612130873240858e-08,1.0,4.080784856341779e-05,9.665190009400249e-05,0.0,-0.5,0.5,0.0,30,2,0.0,0.0,0
28,0,23060425,0.01,0.001,0.0001,0.0,0.0,1.3713808059692383,1.7675267471872758e-08,1.0,0.0002535332750994712,0.0004164774436503649,0.0,0.5,0.0,0.0,31,2,0.0,0.0,0
28,1,23070425,0.01,0.001,0.0001,1.4374562304353411e-11,0.0,1.5679049491882324,-3.343237509056962e-08,1.0,0.0003092869301326573,0.0006009830394759774,0.0,-1.5,1.0,0.0,22,2,0.0,0.0,0
28,2,23080425,0.01,0.001,0.0001,6.172201638676711e-11,0.0,1.482274055480957,4.102298944985705e-09,1.0,0.00037142966175451875,0.0007385070202872157,0.0,-1.5,1.0,0.0,27,2,0.0,0.0,0
29,0,23160425,0.01,0.001,0.0003,0.0,0.0,1.3819102048873901,2.732301496166656e-08,1.0,0.00042818597285076976,0.0007714414387010038,0.0,1.0,0.0,0.0,36,2,0.0,0.0,0
29,1,23170425,0.01,0.001,0.0003,5.056632890187984e-11,0.0,1.3112092018127441,2.6468569558346644e-08,1.0,0.0006790796760469675,0.001048381207510829,0.0,-0.25,0.5,0.0,36,2,0.0,0.0,0
29,2,23180425,0.01,0.001,0.0003,8.898258518907909e-11,0.0,1.4685771465301514,-6.864127044536872e-10,1.0,0.0008258278830908239,0.0014810439897701144,0.0,-1.5,1.0,0.0,28,2,0.0,0.0,0
30,0,23260425,0.01,0.005,3e-05,0.0,0.0,1.4939420223236084,-3.4877860599635824e-08,1.0,2.087739994749427e-05,4.110582449357025e-05,0.0,-0.25,0.5,0.0,35,2,0.0,0.0,0
30,1,23270425,0.01,0.005,3e-05,6.926403894880195e-14,0.0,1.323593020439148,2.956230105155555e-08,1.0,1.3682833923667204e-05,4.3273994378978387e-05,0.0,0.75,0.0,0.0,32,2,0.0,0.0,0
30,2,23280425,0.01,0.005,3e-05,4.1267401822142613e-13,0.0,1.4293664693832397,-2.0088547714181004e-08,1.0,2.3170534404926002e-05,7.01016397215426e-05,0.0,-0.25,0.5,0.0,27,2,0.0,0.0,0
31,0,23360425,0.01,0.005,0.0001,0.0,0.0,1.5853937864303589,-1.688821171796917e-08,1.0,0.0001382916234433651,0.00024609992397017777,0.0,-0.5,0.5,0.0,21,2,0.0,0.0,0
31,1,23370425,0.01,0.005,0.0001,1.6644781256416885e-12,0.0,1.5258352756500244,-1.301798757680217e-08,1.0,0.00022009504027664661,0.0004097812343388796,0.0,0.75,0.0,0.0,28,2,0.0,0.0,0
31,2,23380425,0.01,0.005,0.0001,9.73164691192574e-12,0.0,1.340844750404358,-7.31166416301221e-09,1.0,0.00026123266434296966,0.0005507831228896976,0.0,-0.5,0.5,0.0,25,2,0.0,0.0,0
32,0,23460425,0.01,0.005,0.0003,0.0,0.0,1.338140845298767,-1.355070367026201e-08,1.0,0.00024496758123859763,0.000462601485196501,0.0,0.75,0.0,0.0,32,2,0.0,0.0,0
32,1,23470425,0.01,0.005,0.0003,8.607581661324026e-12,0.0,1.439211130142212,-2.2080586248307554e-08,1.0,0.0002693177084438503,0.0006036031991243362,0.0,0.5,0.0,0.0,29,2,0.0,0.0,0
32,2,23480425,0.01,0.005,0.0003,4.921356031029056e-11,0.0,1.2184592485427856,1.4990011010240778e-08,1.0,0.0004044717352371663,0.0007818618323653936,0.0,1.0,0.0,0.0,36,2,0.0,0.0,0
33,0,23560425,0.01,0.01,3e-05,0.0,0.0,1.3747309446334839,-3.235163692494325e-09,1.0,7.610917236888781e-06,2.198719812440686e-05,0.0,-0.5,0.5,0.0,25,2,0.0,0.0,0
33,1,23570425,0.01,0.01,3e-05,1.7725285215292041e-13,0.0,1.351231575012207,4.8418518083792605e-09,1.0,1.1585362699406687e-05,4.715548493550159e-05,0.0,0.75,0.0,0.0,29,2,0.0,0.0,0
33,2,23580425,0.01,0.01,3e-05,3.2440001206113234e-13,0.0,1.3563646078109741,1.4031551920368202e-08,1.0,2.6060943127959035e-05,8.0645433627069e-05,0.0,-0.25,0.5,0.0,31,2,0.0,0.0,0
34,0,23660425,0.01,0.01,0.0001,0.0,0.0,1.2726510763168335,-1.576400676661649e-09,1.0,3.232913149986416e-05,8.818581409286708e-05,0.0,-0.25,0.5,0.0,24,2,0.0,0.0,0
34,1,23670425,0.01,0.01,0.0001,4.729958612281759e-12,0.0,1.5152695178985596,-8.67105853785688e-09,1.0,5.9516954934224486e-05,0.00021757590002380311,0.0,-1.5,1.0,0.0,25,2,0.0,0.0,0
34,2,23680425,0.01,0.01,0.0001,3.8371896805833305e-12,0.0,1.564598560333252,-1.8153590630731742e-08,1.0,6.700730591546744e-05,0.0002171751402784139,0.0,-0.25,0.5,0.0,36,2,0.0,0.0,0
35,0,23760425,0.01,0.01,0.0003,0.0,0.0,1.4820938110351562,-6.505325700345566e-08,1.0,0.00032662582816556096,0.0006113536655902863,0.0,-0.25,0.5,0.0,34,2,0.0,0.0,0
35,1,23770425,0.01,0.01,0.0003,1.7384973668987946e-11,0.0,1.5138206481933594,-1.7719534284310612e-08,1.0,0.000653079419862479,0.0010493460576981306,0.0,-0.25,0.5,0.0,27,2,0.0,0.0,0
35,2,23780425,0.01,0.01,0.0003,6.120118301033983e-11,0.0,1.467685341835022,1.61249751329251e-08,1.0,0.0008800506475381553,0.001279474119655788,0.0,-0.25,0.5,0.0,31,2,0.0,0.0,0
36,0,23860425,0.02,0.0,3e-05,0.0,0.0,1.4674160480499268,-1.2116402103856672e-08,1.0,2.406581916147843e-05,5.2113231504336e-05,0.0,0.5,0.0,0.0,20,2,0.0,0.0,0
36,1,23870425,0.02,0.0,3e-05,3.722470465553074e-13,0.0,1.4498045444488525,-1.2130561444223531e-08,1.0,1.2778597920259926e-05,6.155762821435928e-05,0.0,0.75,0.0,0.0,31,2,0.0,0.0,0
36,2,23880425,0.02,0.0,3e-05,1.4323596562310081e-12,0.0,1.5385175943374634,-1.0654334303694668e-08,1.0,1.9767046978813596e-05,6.36338590993546e-05,0.0,0.75,0.0,0.0,31,2,0.0,0.0,0
37,0,23960425,0.02,0.0,0.0001,0.0,0.0,1.3566558361053467,8.395025785645771e-10,1.0,5.547062755795196e-05,0.00013897070311941206,0.0,0.75,0.0,0.0,35,2,0.0,0.0,0
37,1,23970425,0.02,0.0,0.0001,2.1972851056012432e-12,0.0,1.604597568511963,-6.88850434471533e-08,1.0,0.0001942146336659789,0.00034834627876989543,0.0,-0.5,0.5,0.0,13,2,0.0,0.0,0
37,2,23980425,0.02,0.0,0.0001,1.0925645804737982e-11,0.0,1.4421449899673462,1.136134741841488e-08,1.0,0.00038936949567869306,0.0006422980804927647,0.0,0.75,0.0,0.0,30,2,0.0,0.0,0
38,0,24060425,0.02,0.0,0.0003,0.0,0.0,1.2416118383407593,-3.090921651960343e-08,1.0,7.985022239154205e-05,0.00031421694438904524,0.0,-0.25,0.5,0.0,35,2,0.0,0.0,0
38,1,24070425,0.02,0.0,0.0003,5.705442368553193e-11,0.0,1.3729939460754395,1.0220466251098514e-08,1.0,0.00015425508900079876,0.0007543349638581276,0.0,-0.25,0.5,0.0,29,2,0.0,0.0,0
38,2,24080425,0.02,0.0,0.0003,3.4537608883944415e-10,0.0,1.4030234813690186,3.041942475690007e-09,1.0,0.00021952958195470273,0.001177923521026969,0.0,-0.25,0.5,0.0,31,2,0.0,0.0,0
39,0,24160425,0.02,0.001,3e-05,0.0,0.0,1.4939895868301392,-3.7763300042570336e-08,1.0,2.8901542464154772e-05,7.041446951916441e-05,0.0,0.75,0.0,0.0,24,2,0.0,0.0,0
39,1,24170425,0.02,0.001,3e-05,4.887448545919451e-14,0.0,1.466584324836731,-3.058193698279865e-08,1.0,4.199195245746523e-05,8.106345921987668e-05,0.0,-0.5,0.5,0.0,18,2,0.0,0.0,0
39,2,24180425,0.02,0.001,3e-05,1.0339876876800172e-13,0.0,1.420320987701416,4.0745362639427185e-10,1.0,6.529418169520795e-05,0.00012192186113679782,0.0,0.75,0.0,0.0,36,2,0.0,0.0,0
40,0,24260425,0.02,0.001,0.0001,0.0,0.0,1.548169732093811,-4.9263295665014084e-08,1.0,3.3445416192989796e-05,0.0001464744855184108,0.0,-0.5,0.5,0.0,23,2,0.0,0.0,0
40,1,24270425,0.02,0.001,0.0001,3.567067214521602e-12,0.0,1.3679274320602417,1.5118741814035275e-08,1.0,7.575864583486691e-05,0.0002928122703451663,0.0,-0.5,0.5,0.0,28,2,0.0,0.0,0
40,2,24280425,0.02,0.001,0.0001,8.13499267948714e-12,0.0,1.4619685411453247,-8.24938251042795e-09,1.0,0.0001055774773703888,0.0003884689067490399,0.0,-0.5,0.5,0.0,24,2,0.0,0.0,0
41,0,24360425,0.02,0.001,0.0003,0.0,0.0,1.2993930578231812,-1.6483046039184046e-08,1.0,0.0007865955703891814,0.001291372929699719,0.0,-0.25,0.5,0.0,25,2,0.0,0.0,0
41,1,24370425,0.02,0.001,0.0003,3.86896695236949e-11,0.0,1.369946002960205,-2.0326378802337786e-08,1.0,0.0011650598607957363,0.0019257769454270601,0.0,-0.5,0.5,0.0,18,2,0.0,0.0,0
41,2,24380425,0.02,0.001,0.0003,2.632240536648567e-10,0.0,1.509622573852539,-1.8499784815162457e-08,1.0,0.0014714599819853902,0.002334707183763385,0.0,-0.25,0.5,0.0,32,2,0.0,0.0,0
42,0,24460425,0.02,0.005,3e-05,0.0,0.0,1.3211958408355713,1.6728996854453726e-08,1.0,5.6856039009289816e-05,9.397259418619797e-05,0.0,-1.5,1.0,0.0,31,2,0.0,0.0,0
42,1,24470425,0.02,0.005,3e-05,3.969311587314478e-13,0.0,1.3347011804580688,2.970725887507797e-08,1.0,0.00010625294089550152,0.0001559504889883101,0.0,-0.5,0.5,0.0,21,2,0.0,0.0,0
42,2,24480425,0.02,0.005,3e-05,2.3748939013273906e-12,0.0,1.3561495542526245,-3.7388012685823924e-08,1.0,0.00011777086183428764,0.00017883953114505857,0.0,-0.5,0.5,0.0,28,2,0.0,0.0,0
43,0,24560425,0.02,0.005,0.0001,0.0,0.0,1.4640569686889648,5.54493206905704e-09,1.0,3.43112442351412e-05,9.67794403550215e-05,0.0,-0.5,0.5,0.0,23,2,0.0,0.0,0
43,1,24570425,0.02,0.005,0.0001,1.6005344835937074e-12,0.0,1.313086986541748,-1.9925968430811736e-08,1.0,7.46072837500833e-05,0.00023399437486659735,0.0,1.0,0.0,0.0,36,2,0.0,0.0,0
43,2,24580425,0.02,0.005,0.0001,6.540126513271405e-12,0.0,1.5553338527679443,-3.680427695940125e-08,1.0,9.422309085493907e-05,0.0002583241439424455,0.0,-0.25,0.5,0.0,36,2,0.0,0.0,0
44,0,24660425,0.02,0.005,0.0003,0.0,0.0,1.526159405708313,2.1468875566199586e-09,1.0,0.0002959345292765647,0.0006615737220272422,0.0,1.0,0.0,0.0,36,2,0.0,0.0,0
44,1,24670425,0.02,0.005,0.0003,7.624550990570356e-11,0.0,1.3429415225982666,-2.2199239779752133e-08,1.0,0.00029024260584264994,0.00073352234903723,0.0,-0.25,0.5,0.0,35,2,0.0,0.0,0
44,2,24680425,0.02,0.005,0.0003,1.1137601257926733e-10,0.0,1.5624665021896362,-4.831625322054833e-09,1.0,0.00033128316863439977,0.0008204367477446795,0.0,-1.5,1.0,0.0,27,2,0.0,0.0,0
45,0,24760425,0.02,0.01,3e-05,0.0,0.0,1.301915168762207,-2.8835719589892506e-08,1.0,2.0805984604521655e-05,4.452809662325308e-05,0.0,-0.25,0.5,0.0,31,2,0.0,0.0,0
45,1,24770425,0.02,0.01,3e-05,1.8013267743741124e-12,0.0,1.5102614164352417,-3.459736319655349e-08,1.0,2.776875044219196e-05,5.492058699019253e-05,0.0,0.5,0.0,0.0,22,2,0.0,0.0,0
45,2,24780425,0.02,0.01,3e-05,2.2652619797308704e-12,0.0,1.372969627380371,-1.6372546651766129e-09,1.0,2.9306482247193344e-05,7.158114021876827e-05,0.0,1.0,0.0,0.0,36,2,0.0,0.0,0
46,0,24860425,0.02,0.01,0.0001,0.0,0.0,1.346064567565918,-1.3802005760510383e-08,1.0,3.435647886362858e-05,0.00010246405872749165,0.0,-0.5,0.5,0.0,29,2,0.0,0.0,0
46,1,24870425,0.02,0.01,0.0001,2.028982450802408e-12,0.0,1.4328227043151855,-7.836550963702393e-09,1.0,3.507709698169492e-05,0.0001222352439071983,0.0,0.5,0.0,0.0,29,2,0.0,0.0,0
46,2,24880425,0.02,0.01,0.0001,6.398923925454714e-12,0.0,1.4639972448349,-3.1532202626749495e-08,1.0,9.083648910745978e-05,0.0002869334421120584,0.0,0.5,0.0,0.0,21,2,0.0,0.0,0
47,0,24960425,0.02,0.01,0.0003,0.0,0.0,1.2281572818756104,3.75441677746835e-09,1.0,0.0006890801596455276,0.0011190176010131836,0.0,0.5,0.0,0.0,20,2,0.0,0.0,0
47,1,24970425,0.02,0.01,0.0003,1.963016693640185e-10,0.0,1.5368826389312744,-1.9395928418930453e-08,1.0,0.0009986689547076821,0.002326261019334197,0.0,0.75,0.0,0.0,26,2,0.0,0.0,0
47,2,24980425,0.02,0.01,0.0003,5.727088803197944e-10,0.0,1.4772571325302124,3.5979121904006206e-09,1.0,0.001407149131409824,0.002461944008246064,0.0,-1.5,1.0,0.0,25,2,0.0,0.0,0
48,0,25060425,0.05,0.0,3e-05,0.0,0.0,1.5270280838012695,-5.5844509461167036e-08,1.0,1.4484277926385403e-05,6.014543760102242e-05,0.0,-0.5,0.5,0.0,24,2,0.0,0.0,0
48,1,25070425,0.05,0.0,3e-05,2.1139951768278653e-12,0.0,1.3744797706604004,-4.438401202122577e-09,1.0,1.878619696071837e-05,6.106191722210497e-05,0.0,-0.25,0.5,0.0,34,2,0.0,0.0,0
48,2,25080425,0.05,0.0,3e-05,1.4269099140110098e-12,0.0,1.5259767770767212,-3.089053279836662e-08,1.0,2.3005193725111894e-05,8.872662874637172e-05,0.0,-0.25,0.5,0.0,26,2,0.0,0.0,0
49,0,25160425,0.05,0.0,0.0001,0.0,0.0,1.3972094058990479,1.5435591693702122e-09,1.0,0.00020985420269425958,0.00028968063998036087,0.0,-0.25,0.5,0.0,31,2,0.0,0.0,0
49,1,25170425,0.05,0.0,0.0001,3.2947275550171407e-12,0.0,1.4128631353378296,-5.051523199739449e-09,1.0,0.000314755568979308,0.00046367236063815653,0.0,-0.25,0.5,0.0,30,2,0.0,0.0,0
49,2,25180425,0.05,0.0,0.0001,7.029383325418692e-11,0.0,1.530449390411377,-1.867520138532086e-09,1.0,0.0004472770378924906,0.0006933124386705458,0.0,-0.25,0.5,0.0,25,2,0.0,0.0,0
50,0,25260425,0.05,0.0,0.0003,0.0,0.0,1.3997763395309448,1.7532862661706616e-10,1.0,0.0003634776803664863,0.0008038959349505603,0.0,0.5,0.0,0.0,29,2,0.0,0.0,0
50,1,25270425,0.05,0.0,0.0003,7.879957103495983e-11,0.0,1.4843642711639404,-5.432896088564121e-08,1.0,0.00045570271322503686,0.0011578628327697515,0.0,-0.5,0.5,0.0,22,2,0.0,0.0,0
50,2,25280425,0.05,0.0,0.0003,1.3038820023680842e-10,0.0,1.4773814678192139,-1.8507520849198045e-08,1.0,0.000723407487384975,0.0015996417496353388,0.0,-1.5,1.0,0.0,29,2,0.0,0.0,0
51,0,25360425,0.05,0.001,3e-05,0.0,0.0,1.2668108940124512,2.5840476425287306e-08,1.0,1.7082353224395774e-05,4.892588913207874e-05,0.0,-1.5,1.0,0.0,21,2,0.0,0.0,0
51,1,25370425,0.05,0.001,3e-05,1.8438584535075686e-13,0.0,1.3469586372375488,-1.575015851074113e-08,1.0,2.7845533622894436e-05,8.297550084535033e-05,0.0,0.5,0.0,0.0,30,2,0.0,0.0,0
51,2,25380425,0.05,0.001,3e-05,7.550997045517593e-13,0.0,1.4894636869430542,-2.448649638608913e-08,1.0,3.836834366666153e-05,9.899968426907435e-05,0.0,0.5,0.0,0.0,24,2,0.0,0.0,0
52,0,25460425,0.05,0.001,0.0001,0.0,0.0,1.5966674089431763,2.1425989871204365e-09,1.0,0.00012284232070669532,0.00019989995053038,0.0,-1.5,1.0,0.0,24,2,0.0,0.0,0
52,1,25470425,0.05,0.001,0.0001,2.925850100393701e-12,0.0,1.3326828479766846,3.2637142766134275e-08,1.0,0.0001716842089081183,0.0002923126157838851,0.0,-1.5,1.0,0.0,21,2,0.0,0.0,0
52,2,25480425,0.05,0.001,0.0001,7.909500311653606e-12,0.0,1.3844122886657715,5.813584724734255e-09,1.0,0.00019896971934940666,0.0003879204159602523,0.0,-0.25,0.5,0.0,36,2,0.0,0.0,0
53,0,25560425,0.05,0.001,0.0003,0.0,0.0,1.537109136581421,1.0700986763367837e-08,1.0,0.00043456998537294567,0.0007874955190345645,0.0,0.75,0.0,0.0,32,2,0.0,0.0,0
53,1,25570425,0.05,0.001,0.0003,9.913913440184885e-12,0.0,1.3457595109939575,-1.1558039858527991e-08,1.0,0.00037127037649042904,0.0007432370912283659,0.0,0.5,0.0,0.0,27,2,0.0,0.0,0
53,2,25580425,0.05,0.001,0.0003,2.425207777656535e-11,0.0,1.4598321914672852,-1.864712828592019e-08,1.0,0.0003158755716867745,0.000686199520714581,0.0,0.75,0.0,0.0,17,2,0.0,0.0,0
54,0,25660425,0.05,0.005,3e-05,0.0,0.0,1.49045991897583,-9.30823773614975e-09,1.0,5.3046045650262386e-05,0.00010896725143538788,0.0,0.75,0.0,0.0,33,2,0.0,0.0,0
54,1,25670425,0.05,0.005,3e-05,1.1639755999326429e-12,0.0,1.394119143486023,-8.976931198390048e-09,1.0,5.8488189097261056e-05,0.00010322169691789895,0.0,0.75,0.0,0.0,25,2,0.0,0.0,0
54,2,25680425,0.05,0.005,3e-05,2.47966252565901e-13,0.0,1.5172113180160522,-1.9581571919502494e-08,1.0,5.8001238357974216e-05,9.883537131827325e-05,0.0,-1.5,1.0,0.0,27,2,0.0,0.0,0
55,0,25760425,0.05,0.005,0.0001,0.0,0.0,1.3933568000793457,-1.2008235517058097e-09,1.0,0.00010248344915453345,0.00021913155796937644,0.0,1.0,0.0,0.0,36,2,0.0,0.0,0
55,1,25770425,0.05,0.005,0.0001,3.5008597583374712e-12,0.0,1.4273871183395386,-1.723531184438798e-08,1.0,0.00014563709555659443,0.0002515382948331535,0.0,0.75,0.0,0.0,17,2,0.0,0.0,0
55,2,25780425,0.05,0.005,0.0001,2.0661168088909054e-12,0.0,1.3780059814453125,-4.258444619154034e-08,1.0,0.00018525990890339017,0.00031720910919830203,0.0,0.75,0.0,0.0,27,2,0.0,0.0,0
56,0,25860425,0.05,0.005,0.0003,0.0,0.0,1.4657142162322998,-4.3539407634796135e-09,1.0,0.00019557104678824544,0.00046454864786937833,0.0,1.0,0.0,0.0,36,2,0.0,0.0,0
56,1,25870425,0.05,0.005,0.0003,2.2568553970092609e-10,0.0,1.4373512268066406,-1.8153968994738534e-08,1.0,0.0003222562372684479,0.0008236144203692675,0.0,1.0,0.0,0.0,36,2,0.0,0.0,0
56,2,25880425,0.05,0.005,0.0003,3.074802079616745e-10,0.0,1.3329335451126099,2.5403467773799093e-08,1.0,0.0004222423303872347,0.0013073320733383298,0.0,0.75,0.0,0.0,30,2,0.0,0.0,0
57,0,25960425,0.05,0.01,3e-05,0.0,0.0,1.4289547204971313,4.2490682972129434e-08,1.0,1.0139716323465109e-05,4.014495061710477e-05,0.0,-0.5,0.5,0.0,24,2,0.0,0.0,0
57,1,25970425,0.05,0.01,3e-05,3.345842212228861e-13,0.0,1.2006419897079468,1.3758381101069972e-09,1.0,1.9117676856694743e-05,5.148567652213387e-05,0.0,1.0,0.0,0.0,36,2,0.0,0.0,0
57,2,25980425,0.05,0.01,3e-05,4.884426196838376e-13,0.0,1.3849925994873047,-4.633136541087879e-09,1.0,2.5287077733082697e-05,6.40682628727518e-05,0.0,-0.25,0.5,0.0,24,2,0.0,0.0,0
58,0,26060425,0.05,0.01,0.0001,0.0,0.0,1.5694546699523926,-2.8581121469528625e-08,1.0,6.230938743101433e-05,0.00012743503612000495,0.0,-0.5,0.5,0.0,20,2,0.0,0.0,0
58,1,26070425,0.05,0.01,0.0001,1.8042234373183419e-12,0.0,1.491952896118164,-3.6220302312983677e-09,1.0,0.00014511110202874988,0.0002525437739677727,0.0,0.5,0.0,0.0,28,2,0.0,0.0,0
58,2,26080425,0.05,0.01,0.0001,2.1907508793161945e-11,0.0,1.409320592880249,-2.2489610174147856e-08,1.0,0.0002535074600018561,0.00039118583663366735,0.0,-0.25,0.5,0.0,31,2,0.0,0.0,0
59,0,26160425,0.05,0.01,0.0003,0.0,0.0,1.5102308988571167,-5.782203604809411e-10,1.0,0.0003662857925519347,0.0006797994719818234,0.0,-0.5,0.5,0.0,25,2,0.0,0.0,0
59,1,26170425,0.05,0.01,0.0003,5.638332856161554e-11,0.0,1.3299109935760498,-2.7626052556684044e-09,1.0,0.0002691183763090521,0.0006849843775853515,0.0,1.0,0.0,0.0,30,2,0.0,0.0,0
59,2,26180425,0.05,0.01,0.0003,4.934561786962277e-11,0.0,1.4370468854904175,-8.178883126319647e-10,1.0,0.0005105863092467189,0.000928384717553854,0.0,0.5,0.0,0.0,22,2,0.0,0.0,0
