actor_update_dropped_count,actor_update_dropped_non_top1_positive_advantage_count,actor_update_dropped_positive_advantage_count,actor_update_dropped_prior_margin_mean,actor_update_dropped_rate,actor_update_dropped_selected_prior_rank_mean,actor_update_kept_count,actor_update_kept_non_top1_positive_advantage_count,actor_update_kept_positive_advantage_count,actor_update_kept_prior_margin_mean,actor_update_kept_rate,actor_update_kept_selected_prior_rank_mean,actor_update_margin_threshold,actor_update_support_mode,actor_update_topk,adaptive_recovery_enabled,advantage_max,advantage_mean,advantage_min,advantage_negative_rate,advantage_positive_rate,advantage_std,advantage_zero_rate,batch_size,behavior_temperature,checkpoint_path,checkpoint_sha256,clip_eps,config_key,config_key_label,config_path,delta_clip,delta_clip_coef,delta_l2_coef,delta_support_margin_threshold,delta_support_mode,delta_support_topk,entropy_coef,episodes,iteration,low_rank_flip_penalty_coef,low_rank_flip_topk,lr,max_grad_norm,mean_delta_needed_to_flip_top1,movement_quality_gate_enabled,non_top1_positive_advantage_count,non_top1_selected_count,non_top1_selected_rate,opponent_mode,outside_support_delta_mode,p10_delta_needed_to_flip_top1,p50_delta_needed_to_flip_top1,p90_delta_needed_to_flip_top1,pilot_config_id,positive_advantage_count,positive_advantage_non_top1_count,positive_advantage_top1_count,quality_max_changed_prior_rank_mean,quality_max_prior_margin_p50,quality_max_rank_ge5_rate,rank_coef,ratio_mode,recovery_attempted_epochs,recovery_extra_epochs,recovery_max_tempered_clip,recovery_max_tempered_kl,recovery_max_top1_changed,recovery_max_untempered_clip,recovery_min_top1_changed,recovery_pre_tempered_clip,recovery_pre_tempered_kl,recovery_pre_top1_changed,recovery_pre_untempered_clip,recovery_rejected_epochs,recovery_stop_reason,rerun_config_id,return_max,return_mean,return_min,return_std,reward_max,reward_mean,reward_min,reward_nonzero_count,reward_std,rollout_seed,rule_kl_coef,rule_score_scale,rule_score_scale_values,rule_score_scale_version,sample_entropy_mean,seed_hash,seed_registry_id,selected_non_top1_positive_advantage_count,selected_prior_prob_mean,selected_prior_prob_p90,selected_prior_rank_histogram,selected_prior_rank_mean,selected_prior_top1_rate,source_config_id,support_policy_mode,teacher_contract_version,teacher_source,teacher_target_type,teacher_temperature,teacher_topk,teacher_version,tempered_post_update_approx_kl,tempered_post_update_clip_fraction,tempered_post_update_low_rank_flip_penalty,tempered_post_update_policy_loss,tempered_post_update_rule_kl,tempered_post_update_topk_ranking_aux_loss,tempered_post_update_topk_ranking_kept_count,tempered_post_update_topk_ranking_teacher_agreement,tempered_post_update_topk_ranking_teacher_kl,tempered_post_update_topk_ranking_teacher_margin,tempered_post_update_topk_ranking_teacher_prior_agreement,tempered_post_update_topk_ranking_teacher_rule_top1_rank,tempered_post_update_weak_margin_flip_penalty,topk_ranking_aux_coef,topk_ranking_aux_mode,topk_ranking_k,torch_sample_seed,train_movement_quality_pass,untempered_post_batch_size,untempered_post_changed_action_prior_rank_mean,untempered_post_changed_action_prior_rank_p50,untempered_post_changed_action_prior_rank_p90,untempered_post_changed_state_prior_margin_mean,untempered_post_changed_state_prior_margin_p50,untempered_post_changed_state_prior_margin_p90,untempered_post_changed_state_prior_margin_top1_to_top2_mean,untempered_post_changed_state_prior_margin_top1_to_top2_p50,untempered_post_changed_state_prior_margin_top1_to_top2_p90,untempered_post_changed_state_prior_top1_prob_mean,untempered_post_changed_state_selected_prior_prob_mean,untempered_post_changed_to_rank_ge5_rate,untempered_post_changed_to_top2_rate,untempered_post_changed_to_top3_rate,untempered_post_changed_to_top5_rate,untempered_post_effective_margin_to_flip_mean,untempered_post_effective_margin_to_flip_p50,untempered_post_effective_margin_to_flip_p90,untempered_post_neural_delta_abs_max,untempered_post_neural_delta_abs_mean,untempered_post_rule_agreement,untempered_post_scaled_prior_margin_mean,untempered_post_scaled_prior_margin_p50,untempered_post_top1_action_changed_rate,untempered_post_update_approx_kl,untempered_post_update_clip_fraction,untempered_pre_batch_size,untempered_pre_changed_action_prior_rank_mean,untempered_pre_changed_action_prior_rank_p50,untempered_pre_changed_action_prior_rank_p90,untempered_pre_changed_state_prior_margin_mean,untempered_pre_changed_state_prior_margin_p50,untempered_pre_changed_state_prior_margin_p90,untempered_pre_changed_state_prior_margin_top1_to_top2_mean,untempered_pre_changed_state_prior_margin_top1_to_top2_p50,untempered_pre_changed_state_prior_margin_top1_to_top2_p90,untempered_pre_changed_state_prior_top1_prob_mean,untempered_pre_changed_state_selected_prior_prob_mean,untempered_pre_changed_to_rank_ge5_rate,untempered_pre_changed_to_top2_rate,untempered_pre_changed_to_top3_rate,untempered_pre_changed_to_top5_rate,untempered_pre_effective_margin_to_flip_mean,untempered_pre_effective_margin_to_flip_p50,untempered_pre_effective_margin_to_flip_p90,untempered_pre_neural_delta_abs_max,untempered_pre_neural_delta_abs_mean,untempered_pre_rule_agreement,untempered_pre_scaled_prior_margin_mean,untempered_pre_scaled_prior_margin_p50,untempered_pre_top1_action_changed_rate,update_epochs,value_coef,weak_margin_flip_penalty_coef,weak_margin_threshold
0,0,0,0.0,0.0,0.0,209,59,118,3.000258207321167,1.0,1.760765552520752,0.75,all,3,False,1.380789041519165,-0.04682762175798416,-1.2991995811462402,0.4354066985645933,0.5645933014354066,0.8517761826515198,0.0,209,1.25,reports/keqingrl_discard_research_20260425_candidates_checkpoint_rerun/configs/rerun_000_source_93/policy_final.pt,689ed3bc4eacbde87049309fe6a37182cffa1baa03338b8ed653ebab516854fc,0.2,"{""entropy_coef"":0.01,""lr"":3e-05,""opponent_mode"":""rulebase"",""rule_kl_coef"":0.01}",rulebase/rule_kl=0.01/entropy=0.01/lr=3e-05,reports/keqingrl_discard_research_20260425_candidates_checkpoint_rerun/configs/rerun_000_source_93/config.json,0.0,0.0,0.0,0.75,topk,3,0.005,16,0,0.0,3,0.003,1.0,3.0005502700805664,True,59,106,0.507177033492823,rulebase,zero,3.0,3.0,3.001199960708618,0,118,59,59,3.0,3.1,0.1,0.0,tempered_current_logits,0,0,0.3,0.03,0.25,0.8,0.02,0.2870813310146332,0.02676980197429657,0.043062202632427216,0.41626793146133423,0,disabled,0,1.0,-0.2888002097606659,-1.5,0.8391118049621582,1.0,-0.031100478023290634,-1.5,16,0.3247954547405243,202604930000,0.001,0.25,[0.25],keqingrl_rule_score_scale_v1,0.0,97f8ca261d062a93,config=0:iter=0:base=202604930000:stride=1:count=16,59,0.34080865248396064,0.6688328385353088,"{""1"":103,""2"":53,""3"":53}",1.7607655502392345,0.49282296650717705,93,support-only-topk,keqingrl_topk_teacher_v1,none,none,1.0,3,none,0.02676980197429657,0.2870813310146332,0.0,-0.019960399717092514,0.9334819912910461,0.0,0.0,0.0,0.0,0.0,0.0,0.0,0.5138697028160095,0.0,none,3,202604930000,True,209,2.3333333333333335,2.0,3.0,3.0007777743869357,3.000999927520752,3.002000093460083,3.0004444122314453,3.0,3.000999927520752,0.6553057961993747,0.03259985066122479,0.0,0.6666666666666666,1.0,1.0,0.6393904089927673,0.6065512895584106,1.2161442041397095,1.1635644435882568,0.08862006664276123,0.9569377899169922,0.7500645518302917,0.75,0.043062202632427216,0.050520773977041245,0.41626793146133423,209,0.0,0.0,0.0,0.0,0.0,0.0,0.0,0.0,0.0,0.0,0.0,0.0,0.0,0.0,0.0,0.750068724155426,0.7500251531600952,0.7502564191818237,0.00020517816301435232,3.1465991924051195e-05,1.0,0.7500645518302917,0.75,0.0,8,0.0,0.0,0.75
0,0,0,0.0,0.0,0.0,246,97,201,3.000284433364868,1.0,1.7235772609710693,0.75,all,3,False,3.384927749633789,1.1245901584625244,-1.1714266538619995,0.18292682926829268,0.8170731707317073,1.116784691810608,0.0,246,1.25,reports/keqingrl_discard_research_20260425_candidates_checkpoint_rerun/configs/rerun_000_source_93/policy_final.pt,689ed3bc4eacbde87049309fe6a37182cffa1baa03338b8ed653ebab516854fc,0.2,"{""entropy_coef"":0.01,""lr"":3e-05,""opponent_mode"":""rulebase"",""rule_kl_coef"":0.01}",rulebase/rule_kl=0.01/entropy=0.01/lr=3e-05,reports/keqingrl_discard_research_20260425_candidates_checkpoint_rerun/configs/rerun_000_source_93/config.json,0.0,0.0,0.0,0.75,topk,3,0.005,16,1,0.0,3,0.003,1.0,3.000544548034668,True,97,120,0.4878048780487805,rulebase,zero,3.0,3.0,3.001500129699707,0,201,97,104,3.0,3.1,0.1,0.0,tempered_current_logits,0,0,0.3,0.03,0.25,0.8,0.02,0.21544715762138367,0.01297286432236433,0.19105690717697144,0.3983739912509918,0,disabled,0,1.0,-0.4506520628929138,-1.7078381776809692,0.7687912583351135,1.0,0.004065040498971939,-1.5,16,0.27420198917388916,202604930016,0.001,0.25,[0.25],keqingrl_rule_score_scale_v1,0.0,156ce5c163905640,config=0:iter=1:base=202604930016:stride=1:count=16,97,0.3565620771207945,0.6915158033370972,"{""1"":126,""2"":62,""3"":58}",1.7235772357723578,0.5121951219512195,93,support-only-topk,keqingrl_topk_teacher_v1,none,none,1.0,3,none,0.01297286432236433,0.21544715762138367,0.0,-0.029802363365888596,0.9625442028045654,0.0,0.0,0.0,0.0,0.0,0.0,0.0,0.5218963623046875,0.0,none,3,202604930001,False,246,2.5106382978723403,3.0,3.0,3.0007872175663075,3.000999927520752,3.002000093460083,3.0002340255899633,3.0,3.000999927520752,0.6649747960110928,0.033081242893921566,0.0,0.48936170212765956,1.0,1.0,0.6418825387954712,0.6306588649749756,1.301459789276123,1.5952861309051514,0.1833672970533371,0.8089430928230286,0.750071108341217,0.75,0.19105690717697144,0.022514311596751213,0.3983739912509918,246,2.5555555555555554,3.0,3.0,3.000777761141459,3.000999927520752,3.002000093460083,3.0002222061157227,3.0,3.000999927520752,0.6634976069132487,0.033008285177250705,0.0,0.4444444444444444,1.0,1.0,0.6037817597389221,0.5715800523757935,1.197505235671997,1.2164992094039917,0.10029370337724686,0.9268292784690857,0.750071108341217,0.75,0.0731707289814949,8,0.0,0.0,0.75
0,0,0,0.0,0.0,0.0,235,87,141,3.0001742839813232,1.0,1.7829787731170654,0.75,all,3,False,2.3126778602600098,0.4445852041244507,-0.9825314879417419,0.4,0.6,0.8973237872123718,0.0,235,1.25,reports/keqingrl_discard_research_20260425_candidates_checkpoint_rerun/configs/rerun_000_source_93/policy_final.pt,689ed3bc4eacbde87049309fe6a37182cffa1baa03338b8ed653ebab516854fc,0.2,"{""entropy_coef"":0.01,""lr"":3e-05,""opponent_mode"":""rulebase"",""rule_kl_coef"":0.01}",rulebase/rule_kl=0.01/entropy=0.01/lr=3e-05,reports/keqingrl_discard_research_20260425_candidates_checkpoint_rerun/configs/rerun_000_source_93/config.json,0.0,0.0,0.0,0.75,topk,3,0.005,16,2,0.0,3,0.003,1.0,3.000425338745117,True,87,129,0.548936170212766,rulebase,zero,3.0,3.0,3.000999927520752,0,141,87,54,3.0,3.1,0.1,0.0,tempered_current_logits,0,0,0.3,0.03,0.25,0.8,0.02,0.23829787969589233,0.012687752023339272,0.2255319207906723,0.38723403215408325,0,disabled,0,1.0000001192092896,-0.40302741527557373,-1.5,0.7823939919471741,1.0,-0.010638297535479069,-1.5,16,0.27847155928611755,202604930032,0.001,0.25,[0.25],keqingrl_rule_score_scale_v1,0.0,f10de0bdad61222f,config=0:iter=2:base=202604930032:stride=1:count=16,87,0.31585556501720813,0.6914212107658386,"{""1"":106,""2"":74,""3"":55}",1.7829787234042553,0.451063829787234,93,support-only-topk,keqingrl_topk_teacher_v1,none,none,1.0,3,none,0.012687752023339272,0.23829787969589233,0.0,-0.039988886564970016,0.9485318064689636,0.0,0.0,0.0,0.0,0.0,0.0,0.0,0.5066240429878235,0.0,none,3,202604930002,False,235,2.4716981132075473,2.0,3.0,3.000698098596537,3.000999927520752,3.002000093460083,3.0002075321269484,3.0,3.000999927520752,0.6695462600240167,0.033311814069747925,0.0,0.5283018867924528,1.0,1.0,0.6810770630836487,0.48454535007476807,1.6023387908935547,2.5481879711151123,0.28543031215667725,0.7744680643081665,0.7500435709953308,0.75,0.2255319207906723,0.029449261724948883,0.38723403215408325,235,2.4285714285714284,2.0,3.0,3.0005475907098678,3.000499963760376,3.000999927520752,3.0001190389905656,3.0,3.0009000301361084,0.6688907600584484,0.03328423485869453,0.0,0.5714285714285714,1.0,1.0,0.6872103810310364,0.5981815457344055,1.568650484085083,1.3767740726470947,0.18269231915473938,0.8212766051292419,0.7500435709953308,0.75,0.17872340977191925,8,0.0,0.0,0.75
0,0,0,0.0,0.0,0.0,247,79,176,3.0002224445343018,1.0,1.6842105388641357,0.75,all,3,False,1.429084300994873,0.27471986413002014,-1.2158758640289307,0.2874493927125506,0.7125506072874493,0.7900385856628418,0.0,247,1.25,reports/keqingrl_discard_research_20260425_candidates_checkpoint_rerun/configs/rerun_000_source_93/policy_final.pt,689ed3bc4eacbde87049309fe6a37182cffa1baa03338b8ed653ebab516854fc,0.2,"{""entropy_coef"":0.01,""lr"":3e-05,""opponent_mode"":""rulebase"",""rule_kl_coef"":0.01}",rulebase/rule_kl=0.01/entropy=0.01/lr=3e-05,reports/keqingrl_discard_research_20260425_candidates_checkpoint_rerun/configs/rerun_000_source_93/config.json,0.0,0.0,0.0,0.75,topk,3,0.005,16,0,0.0,3,0.003,1.0,3.0004615783691406,True,79,116,0.46963562753036436,rulebase,zero,3.0,3.0,3.000999927520752,1,176,79,97,3.0,3.1,0.1,0.0,tempered_current_logits,0,0,0.3,0.03,0.25,0.8,0.02,0.21862348914146423,0.013761780224740505,0.08097165822982788,0.3238866329193115,0,disabled,0,1.0,0.01709388568997383,-1.5,0.786643385887146,1.0,0.0060728746466338634,-1.5,16,0.27910274267196655,202605030000,0.001,0.25,[0.25],keqingrl_rule_score_scale_v1,0.0,47a728136928f78b,config=1:iter=0:base=202605030000:stride=1:count=16,79,0.3688225760482825,0.6915395259857178,"{""1"":131,""2"":63,""3"":53}",1.6842105263157894,0.5303643724696356,93,support-only-topk,keqingrl_topk_teacher_v1,rule-prior-topk,topk_distribution,1.0,3,rule_prior_topk_v1,0.013761780224740505,0.21862348914146423,0.0,-0.025016237050294876,0.9575448632240295,0.7686768174171448,247.0,0.9190283417701721,0.4022737741470337,3.0002224445343018,1.0,1.0,0.5316333174705505,0.01,teacher-ce,3,202605030000,True,247,2.55,3.0,3.0,3.000749981403351,3.000999927520752,3.002000093460083,3.0000999927520753,3.0,3.0000998973846436,0.6706713676452637,0.033365820348262784,0.0,0.45,1.0,1.0,0.591961145401001,0.5744384527206421,1.0165555477142334,0.9222651124000549,0.05954626947641373,0.9190283417701721,0.7500556111335754,0.75,0.08097165822982788,0.022577974945306778,0.3238866329193115,247,0.0,0.0,0.0,0.0,0.0,0.0,0.0,0.0,0.0,0.0,0.0,0.0,0.0,0.0,0.0,0.7500554323196411,0.7500156760215759,0.7502496242523193,0.0002132448134943843,3.277937139500864e-05,1.0,0.7500556111335754,0.75,0.0,8,0.0,0.0,0.75
0,0,0,0.0,0.0,0.0,227,80,147,3.000149965286255,1.0,1.814978003501892,0.75,all,3,False,0.9331796765327454,-0.04872910678386688,-2.001781940460205,0.3524229074889868,0.6475770925110133,0.8686434030532837,0.0,227,1.25,reports/keqingrl_discard_research_20260425_candidates_checkpoint_rerun/configs/rerun_000_source_93/policy_final.pt,689ed3bc4eacbde87049309fe6a37182cffa1baa03338b8ed653ebab516854fc,0.2,"{""entropy_coef"":0.01,""lr"":3e-05,""opponent_mode"":""rulebase"",""rule_kl_coef"":0.01}",rulebase/rule_kl=0.01/entropy=0.01/lr=3e-05,reports/keqingrl_discard_research_20260425_candidates_checkpoint_rerun/configs/rerun_000_source_93/config.json,0.0,0.0,0.0,0.75,topk,3,0.005,16,1,0.0,3,0.003,1.0,3.000431537628174,True,80,123,0.5418502202643172,rulebase,zero,3.0,3.0,3.000999927520752,1,147,80,67,3.0,3.1,0.1,0.0,tempered_current_logits,0,0,0.3,0.03,0.25,0.8,0.02,0.24229075014591217,0.015407568775117397,0.08370044082403183,0.4140969216823578,0,disabled,0,1.0,0.09702172130346298,-1.5,0.8632882237434387,1.0,-0.0022026430815458298,-1.5,16,0.30595341324806213,202605030016,0.001,0.25,[0.25],keqingrl_rule_score_scale_v1,0.0,b35e6d23c006d4ab,config=1:iter=1:base=202605030016:stride=1:count=16,80,0.3225009024701192,0.6914212107658386,"{""1"":104,""2"":61,""3"":62}",1.8149779735682818,0.4581497797356828,93,support-only-topk,keqingrl_topk_teacher_v1,rule-prior-topk,topk_distribution,1.0,3,rule_prior_topk_v1,0.015407568775117397,0.24229075014591217,0.0,-0.03992215543985367,0.8807321786880493,0.7143508791923523,227.0,0.91629958152771,0.3479234576225281,3.000149965286255,1.0,1.0,0.4932858943939209,0.01,teacher-ce,3,202605030001,True,227,2.263157894736842,2.0,3.0,3.0004210221140006,3.0,3.000999927520752,3.0001578832927502,3.0,3.000999927520752,0.6657126389051738,0.03313002529505052,0.0,0.7368421052631579,1.0,1.0,0.7747641801834106,0.775699257850647,1.411271572113037,1.5738763809204102,0.08611319959163666,0.91629958152771,0.7500374913215637,0.75,0.08370044082403183,0.03532714396715164,0.4140969216823578,227,2.6363636363636362,3.0,3.0,3.0006363175132056,3.000999927520752,3.000999927520752,3.0,3.0,3.0,0.6632268591360613,0.032999223775484345,0.0,0.36363636363636365,1.0,1.0,0.655015230178833,0.6574126482009888,1.1253927946090698,0.9812315702438354,0.057539500296115875,0.9515418410301208,0.7500374913215637,0.75,0.04845815151929855,8,0.0,0.0,0.75
0,0,0,0.0,0.0,0.0,233,83,148,3.00020170211792,1.0,1.8497854471206665,0.75,all,3,False,2.721785306930542,0.6545662879943848,-1.014812707901001,0.3648068669527897,0.6351931330472103,0.9736308455467224,0.0,233,1.25,reports/keqingrl_discard_research_20260425_candidates_checkpoint_rerun/configs/rerun_000_source_93/policy_final.pt,689ed3bc4eacbde87049309fe6a37182cffa1baa03338b8ed653ebab516854fc,0.2,"{""entropy_coef"":0.01,""lr"":3e-05,""opponent_mode"":""rulebase"",""rule_kl_coef"":0.01}",rulebase/rule_kl=0.01/entropy=0.01/lr=3e-05,reports/keqingrl_discard_research_20260425_candidates_checkpoint_rerun/configs/rerun_000_source_93/config.json,0.0,0.0,0.0,0.75,topk,3,0.005,16,2,0.0,3,0.003,1.0,3.0004849433898926,True,83,132,0.5665236051502146,rulebase,zero,3.0,3.0,3.000999927520752,1,148,83,65,3.0,3.1,0.1,0.0,tempered_current_logits,0,0,0.3,0.03,0.25,0.8,0.02,0.15021459758281708,0.009260496124625206,0.14592275023460388,0.278969943523407,0,disabled,0,1.0,-0.33269622921943665,-1.5,0.8413390517234802,1.0,-0.010729613713920116,-1.5,16,0.3157060146331787,202605030032,0.001,0.25,[0.25],keqingrl_rule_score_scale_v1,0.0,2d9ad0341bbb2318,config=1:iter=2:base=202605030032:stride=1:count=16,83,0.30414905887528804,0.6688328385353088,"{""1"":101,""2"":66,""3"":66}",1.849785407725322,0.4334763948497854,93,support-only-topk,keqingrl_topk_teacher_v1,rule-prior-topk,topk_distribution,1.0,3,rule_prior_topk_v1,0.009260496124625206,0.15021459758281708,0.0,-0.0472729317843914,0.9446614384651184,0.754898190498352,233.0,0.8540772795677185,0.38847967982292175,3.00020170211792,1.0,1.0,0.5125001072883606,0.01,teacher-ce,3,202605030002,True,233,2.4411764705882355,2.0,3.0,3.000764685518601,3.000999927520752,3.002000093460083,3.000323505962596,3.0,3.000999927520752,0.6632352699251736,0.03299542034373564,0.0,0.5588235294117647,1.0,1.0,0.66840660572052,0.6295480728149414,1.4254549741744995,1.338861107826233,0.09463515132665634,0.8540772199630737,0.75005042552948,0.75,0.14592275023460388,0.018265344202518463,0.278969943523407,233,2.2857142857142856,2.0,3.0,3.000514268875122,3.0,3.000999927520752,3.000228554861886,3.0,3.000999927520752,0.663428807258606,0.03301338851451874,0.0,0.7142857142857143,1.0,1.0,0.6288576722145081,0.5772358179092407,1.327325463294983,0.9421690106391907,0.08854210376739502,0.8497853875160217,0.75005042552948,0.75,0.15021459758281708,8,0.0,0.0,0.75
0,0,0,0.0,0.0,0.0,209,68,121,3.00022029876709,1.0,1.79904305934906,0.75,all,3,False,1.4294347763061523,-0.010837573558092117,-1.2976675033569336,0.42105263157894735,0.5789473684210527,0.8424131870269775,0.0,209,1.25,reports/keqingrl_discard_research_20260425_candidates_checkpoint_rerun/configs/rerun_000_source_93/policy_final.pt,689ed3bc4eacbde87049309fe6a37182cffa1baa03338b8ed653ebab516854fc,0.2,"{""entropy_coef"":0.01,""lr"":3e-05,""opponent_mode"":""rulebase"",""rule_kl_coef"":0.01}",rulebase/rule_kl=0.01/entropy=0.01/lr=3e-05,reports/keqingrl_discard_research_20260425_candidates_checkpoint_rerun/configs/rerun_000_source_93/config.json,0.0,0.0,0.0,0.75,topk,3,0.005,16,0,0.0,3,0.003,1.0,3.00050687789917,True,68,110,0.5263157894736842,rulebase,zero,3.0,3.0,3.000999927520752,2,121,68,53,3.0,3.1,0.1,0.0,tempered_current_logits,0,0,0.3,0.03,0.25,0.8,0.02,0.23923444747924805,0.013523613102734089,0.05263157933950424,0.35885167121887207,0,disabled,0,1.0,-0.2503962218761444,-1.5,0.81831955909729,1.0,-0.021531101316213608,-1.5,16,0.31052595376968384,202605130000,0.001,0.25,[0.25],keqingrl_rule_score_scale_v1,0.0,fc69febbce71593b,config=2:iter=0:base=202605130000:stride=1:count=16,68,0.33276419583084194,0.691586971282959,"{""1"":99,""2"":53,""3"":57}",1.799043062200957,0.47368421052631576,93,support-only-topk,keqingrl_topk_teacher_v1,rule-prior-topk,topk_distribution,1.0,3,rule_prior_topk_v1,0.013523613102734089,0.23923444747924805,0.0,-0.023172494024038315,0.9242441058158875,0.7409963607788086,209.0,0.9473684430122375,0.3745914399623871,3.00022029876709,1.0,1.0,0.5186488032341003,0.03,teacher-ce,3,202605130000,True,209,2.272727272727273,2.0,3.0,3.000727263363925,3.000999927520752,3.002000093460083,3.0004545125094326,3.0,3.000999927520752,0.6759279912168329,0.03362794525244019,0.0,0.7272727272727273,1.0,1.0,0.656609296798706,0.6899909973144531,1.0991662740707397,0.7882636785507202,0.06294868886470795,0.9473684430122375,0.7500550746917725,0.75,0.05263157933950424,0.023883067071437836,0.35885167121887207,209,0.0,0.0,0.0,0.0,0.0,0.0,0.0,0.0,0.0,0.0,0.0,0.0,0.0,0.0,0.0,0.7500492334365845,0.7500055432319641,0.7502447962760925,0.00026293625705875456,3.2834115700097755e-05,1.0,0.7500550746917725,0.75,0.0,8,0.0,0.0,0.75
0,0,0,0.0,0.0,0.0,232,48,89,3.0001893043518066,1.0,1.6982758045196533,0.75,all,3,False,0.5591452717781067,-0.44889727234840393,-2.715665340423584,0.6163793103448276,0.38362068965517243,0.8072131276130676,0.0,232,1.25,reports/keqingrl_discard_research_20260425_candidates_checkpoint_rerun/configs/rerun_000_source_93/policy_final.pt,689ed3bc4eacbde87049309fe6a37182cffa1baa03338b8ed653ebab516854fc,0.2,"{""entropy_coef"":0.01,""lr"":3e-05,""opponent_mode"":""rulebase"",""rule_kl_coef"":0.01}",rulebase/rule_kl=0.01/entropy=0.01/lr=3e-05,reports/keqingrl_discard_research_20260425_candidates_checkpoint_rerun/configs/rerun_000_source_93/config.json,0.0,0.0,0.0,0.75,topk,3,0.005,16,1,0.0,3,0.003,1.0,3.0004265308380127,True,48,111,0.47844827586206895,rulebase,zero,3.0,3.0,3.000999927520752,2,89,48,41,3.0,3.1,0.1,0.0,tempered_current_logits,0,0,0.3,0.03,0.25,0.8,0.02,0.3232758641242981,0.021104831248521805,0.16379310190677643,0.4784482717514038,0,disabled,0,1.0647802352905273,0.32359620928764343,-1.5000001192092896,0.8094013929367065,1.0,0.0021551724057644606,-1.5,16,0.27659350633621216,202605130016,0.001,0.25,[0.25],keqingrl_rule_score_scale_v1,0.0,923e9a9769172963,config=2:iter=1:base=202605130016:stride=1:count=16,48,0.35820377698360845,0.6688106060028076,"{""1"":121,""2"":60,""3"":51}",1.6982758620689655,0.521551724137931,93,support-only-topk,keqingrl_topk_teacher_v1,rule-prior-topk,topk_distribution,1.0,3,rule_prior_topk_v1,0.021104831248521805,0.3232758641242981,0.0,-0.05175748094916344,0.9512739777565002,0.7617366313934326,232.0,0.8362069129943848,0.39532357454299927,3.0001893043518066,1.0,1.0,0.5104891657829285,0.03,teacher-ce,3,202605130001,False,232,2.4473684210526314,2.0,3.0,3.0006315519935205,3.000999927520752,3.000999927520752,3.0001578832927502,3.0,3.000999927520752,0.6492141124449278,0.03230221662670374,0.0,0.5526315789473685,1.0,1.0,0.6733804941177368,0.5912498831748962,1.513299822807312,1.801621913909912,0.11672031134366989,0.8362069129943848,0.7500473260879517,0.75,0.16379310190677643,0.04043010249733925,0.4784482717514038,232,2.4545454545454546,2.0,3.0,3.000818144191395,3.000999927520752,3.000999927520752,3.0003636100075464,3.0,3.000999927520752,0.6402373964136298,0.031849452209743584,0.0,0.5454545454545454,1.0,1.0,0.6391084790229797,0.6804807186126709,1.070509910583496,0.7719780802726746,0.06518322974443436,0.9525862336158752,0.7500473260879517,0.75,0.047413792461156845,8,0.0,0.0,0.75
0,0,0,0.0,0.0,0.0,254,119,231,3.0002362728118896,1.0,1.748031497001648,0.75,all,3,False,3.439531087875366,1.3503972291946411,-1.031135082244873,0.09055118110236221,0.9094488188976378,1.0401599407196045,0.0,254,1.25,reports/keqingrl_discard_research_20260425_candidates_checkpoint_rerun/configs/rerun_000_source_93/policy_final.pt,689ed3bc4eacbde87049309fe6a37182cffa1baa03338b8ed653ebab516854fc,0.2,"{""entropy_coef"":0.01,""lr"":3e-05,""opponent_mode"":""rulebase"",""rule_kl_coef"":0.01}",rulebase/rule_kl=0.01/entropy=0.01/lr=3e-05,reports/keqingrl_discard_research_20260425_candidates_checkpoint_rerun/configs/rerun_000_source_93/config.json,0.0,0.0,0.0,0.75,topk,3,0.005,16,2,0.0,3,0.003,1.0,3.000487804412842,True,119,130,0.5118110236220472,rulebase,zero,3.0,3.0,3.000999927520752,2,231,119,112,3.0,3.1,0.1,0.0,tempered_current_logits,0,0,0.3,0.03,0.25,0.8,0.02,0.10236220806837082,0.007518706377595663,0.22047244012355804,0.24409449100494385,0,disabled,0,1.0000001192092896,-0.4875606894493103,-1.98158860206604,0.8149617314338684,1.0,0.005905511789023876,-1.5,16,0.2752317786216736,202605130032,0.001,0.25,[0.25],keqingrl_rule_score_scale_v1,0.0,6b916b6bc8d2fd68,config=2:iter=2:base=202605130032:stride=1:count=16,119,0.33531944125920066,0.6914212107658386,"{""1"":124,""2"":70,""3"":60}",1.7480314960629921,0.4881889763779528,93,support-only-topk,keqingrl_topk_teacher_v1,rule-prior-topk,topk_distribution,1.0,3,rule_prior_topk_v1,0.007518706377595663,0.10236220806837082,0.0,-0.03513001278042793,1.0065789222717285,0.8072729706764221,254.0,0.7795275449752808,0.44087252020835876,3.0002362728118896,1.0,1.0,0.5283215045928955,0.03,teacher-ce,3,202605130002,False,254,2.375,2.0,3.0,3.0005714126995633,3.0,3.001500129699707,3.0001607026372636,3.0,3.000999927520752,0.6592033984405654,0.03280120505951345,0.0,0.625,1.0,1.0,0.6053429841995239,0.5164763331413269,1.499991774559021,3.1163113117218018,0.304535835981369,0.7795275449752808,0.7500590682029724,0.75,0.22047244012355804,0.016805855557322502,0.24409449100494385,254,2.4225352112676055,2.0,3.0,3.000563356238352,3.0,3.000999927520752,3.0001126678896624,3.0,3.000999927520752,0.6586695825549919,0.032774925992732316,0.0,0.5774647887323944,1.0,1.0,0.5417119860649109,0.38970786333084106,1.402205228805542,1.6991164684295654,0.12561294436454773,0.7204724550247192,0.7500590682029724,0.75,0.27952754497528076,8,0.0,0.0,0.75
0,0,0,0.0,0.0,0.0,216,77,146,3.0002033710479736,1.0,1.796296238899231,0.75,all,3,False,1.4825186729431152,0.12212579697370529,-1.1842344999313354,0.32407407407407407,0.6759259259259259,0.7951388359069824,0.0,216,1.25,reports/keqingrl_discard_research_20260425_candidates_checkpoint_rerun/configs/rerun_000_source_93/policy_final.pt,689ed3bc4eacbde87049309fe6a37182cffa1baa03338b8ed653ebab516854fc,0.2,"{""entropy_coef"":0.01,""lr"":3e-05,""opponent_mode"":""rulebase"",""rule_kl_coef"":0.01}",rulebase/rule_kl=0.01/entropy=0.01/lr=3e-05,reports/keqingrl_discard_research_20260425_candidates_checkpoint_rerun/configs/rerun_000_source_93/config.json,0.0,0.0,0.0,0.75,topk,3,0.005,16,0,0.0,3,0.003,1.0,3.000504732131958,True,77,113,0.5231481481481481,rulebase,zero,3.0,3.0,3.000999927520752,3,146,77,69,3.0,3.1,0.1,0.0,tempered_current_logits,0,0,0.3,0.03,0.25,0.8,0.02,0.16203702986240387,0.011889154091477394,0.023148147389292717,0.3194444477558136,0,disabled,0,1.0,-0.12896527349948883,-1.5,0.781747579574585,1.0,-0.011574073694646358,-1.5,16,0.2904423773288727,202605230000,0.001,0.25,[0.25],keqingrl_rule_score_scale_v1,0.0,c83ba39e95d27b3c,config=3:iter=0:base=202605230000:stride=1:count=16,77,0.33280216346287894,0.6914448738098145,"{""1"":103,""2"":54,""3"":59}",1.7962962962962963,0.47685185185185186,93,support-only-topk,keqingrl_topk_teacher_v1,rule-prior-topk,topk_distribution,1.0,3,rule_prior_topk_v1,0.011889154091477394,0.16203702986240387,0.0,-0.024051200598478317,0.9471897482872009,0.7521339654922485,216.0,0.9768518805503845,0.38572409749031067,3.0002033710479736,1.0,1.0,0.5264846682548523,0.05,teacher-ce,3,202605230000,True,216,2.4,2.0,3.0,3.0005999565124513,3.000999927520752,3.000999927520752,3.0001999855041506,3.0,3.0005998611450195,0.6601634621620178,0.032848062366247176,0.0,0.6,1.0,1.0,0.6233493089675903,0.6690758466720581,0.9654838442802429,0.8709055781364441,0.04927871748805046,0.9768518805503845,0.7500508427619934,0.75,0.023148147389292717,0.02217123657464981,0.3194444477558136,216,0.0,0.0,0.0,0.0,0.0,0.0,0.0,0.0,0.0,0.0,0.0,0.0,0.0,0.0,0.0,0.750045657157898,0.7500090003013611,0.7502321600914001,0.00022549263667315245,3.098017623415217e-05,1.0,0.7500508427619934,0.75,0.0,8,0.0,0.0,0.75
0,0,0,0.0,0.0,0.0,240,93,186,3.0002167224884033,1.0,1.7083333730697632,0.75,all,3,False,1.42830228805542,0.2342408448457718,-1.6468710899353027,0.225,0.775,0.7444182634353638,0.0,240,1.25,reports/keqingrl_discard_research_20260425_candidates_checkpoint_rerun/configs/rerun_000_source_93/policy_final.pt,689ed3bc4eacbde87049309fe6a37182cffa1baa03338b8ed653ebab516854fc,0.2,"{""entropy_coef"":0.01,""lr"":3e-05,""opponent_mode"":""rulebase"",""rule_kl_coef"":0.01}",rulebase/rule_kl=0.01/entropy=0.01/lr=3e-05,reports/keqingrl_discard_research_20260425_candidates_checkpoint_rerun/configs/rerun_000_source_93/config.json,0.0,0.0,0.0,0.75,topk,3,0.005,16,1,0.0,3,0.003,1.0,3.0004539489746094,True,93,117,0.4875,rulebase,zero,3.0,3.0,3.000999927520752,3,186,93,93,3.0,3.1,0.1,0.0,tempered_current_logits,0,0,0.3,0.03,0.25,0.8,0.02,0.25833332538604736,0.01646517775952816,0.15416666865348816,0.3333333432674408,0,disabled,0,1.0,0.1970282644033432,-1.5,0.7498305439949036,1.0,0.01666666753590107,-1.5,16,0.2733536660671234,202605230016,0.001,0.25,[0.25],keqingrl_rule_score_scale_v1,0.0,fffbdeab9be73ef6,config=3:iter=1:base=202605230016:stride=1:count=16,93,0.36114421546614417,0.6916345953941345,"{""1"":123,""2"":64,""3"":53}",1.7083333333333333,0.5125,93,support-only-topk,keqingrl_topk_teacher_v1,rule-prior-topk,topk_distribution,1.0,3,rule_prior_topk_v1,0.01646517775952816,0.25833332538604736,0.0,-0.04686605557799339,0.9842357039451599,0.8052119612693787,240.0,0.8458333611488342,0.4388056993484497,3.0002167224884033,1.0,1.0,0.5431254506111145,0.05,teacher-ce,3,202605230001,False,240,2.7027027027027026,3.0,3.0,3.0008648343988367,3.000999927520752,3.002000093460083,3.0001621504087708,3.0,3.000999927520752,0.6869124915148761,0.034170035272836685,0.0,0.2972972972972973,1.0,1.0,0.5085481405258179,0.5062798261642456,1.0296518802642822,1.5704245567321777,0.10719729214906693,0.8458333015441895,0.7500541806221008,0.75,0.15416666865348816,0.02412148006260395,0.3333333432674408,240,2.6666666666666665,3.0,3.0,3.000999927520752,3.000999927520752,3.000999927520752,3.000333309173584,3.0,3.0007998943328857,0.6691965262095133,0.03328403333822886,0.0,0.3333333333333333,1.0,1.0,0.6373196840286255,0.6784244775772095,0.970940887928009,0.7800507545471191,0.0546574629843235,0.987500011920929,0.7500541806221008,0.75,0.012500000186264515,8,0.0,0.0,0.75
0,0,0,0.0,0.0,0.0,229,51,103,3.000218391418457,1.0,1.8253275156021118,0.75,all,3,False,1.4283344745635986,-0.3036220967769623,-1.5564534664154053,0.5502183406113537,0.4497816593886463,0.9230655431747437,0.0,229,1.25,reports/keqingrl_discard_research_20260425_candidates_checkpoint_rerun/configs/rerun_000_source_93/policy_final.pt,689ed3bc4eacbde87049309fe6a37182cffa1baa03338b8ed653ebab516854fc,0.2,"{""entropy_coef"":0.01,""lr"":3e-05,""opponent_mode"":""rulebase"",""rule_kl_coef"":0.01}",rulebase/rule_kl=0.01/entropy=0.01/lr=3e-05,reports/keqingrl_discard_research_20260425_candidates_checkpoint_rerun/configs/rerun_000_source_93/config.json,0.0,0.0,0.0,0.75,topk,3,0.005,16,2,0.0,3,0.003,1.0,3.000563383102417,True,51,122,0.5327510917030568,rulebase,zero,3.0,3.0,3.002000093460083,3,103,51,52,3.0,3.1,0.1,0.0,tempered_current_logits,0,0,0.3,0.03,0.25,0.8,0.02,0.10917030274868011,0.0065584611147642136,0.1965065449476242,0.21397380530834198,0,disabled,0,1.0,-0.3703470826148987,-1.5,0.8831188678741455,1.0,-0.04148471727967262,-1.5,16,0.3456270396709442,202605230032,0.001,0.25,[0.25],keqingrl_rule_score_scale_v1,0.0,1c29aba6de2b90ab,config=3:iter=2:base=202605230032:stride=1:count=16,51,0.3291299531813792,0.6915632486343384,"{""1"":107,""2"":55,""3"":67}",1.8253275109170306,0.4672489082969432,93,support-only-topk,keqingrl_topk_teacher_v1,rule-prior-topk,topk_distribution,1.0,3,rule_prior_topk_v1,0.0065584611147642136,0.10917030274868011,0.0,-0.0373157262802124,0.9967469573020935,0.8100585341453552,229.0,0.8034934401512146,0.44365695118904114,3.000218391418457,1.0,1.0,0.5394794344902039,0.05,teacher-ce,3,202605230002,False,229,2.511111111111111,3.0,3.0,3.0009333239661324,3.000999927520752,3.002000093460083,3.000355529785156,3.0,3.000999927520752,0.6645437743928697,0.03305467027756903,0.0,0.4888888888888889,1.0,1.0,0.5234078168869019,0.49012941122055054,1.118229866027832,2.08219575881958,0.1603849232196808,0.8034934401512146,0.7500545978546143,0.75,0.1965065449476242,0.01527282316237688,0.21397380530834198,229,2.6176470588235294,3.0,3.0,3.001058809897479,3.000999927520752,3.002000093460083,3.0003529155955597,3.0,3.000999927520752,0.6598157321705538,0.03281552147339372,0.0,0.38235294117647056,1.0,1.0,0.4930804967880249,0.5139321684837341,0.9655038714408875,1.249862790107727,0.1114594042301178,0.8515284061431885,0.7500545978546143,0.75,0.14847160875797272,8,0.0,0.0,0.75
0,0,0,0.0,0.0,0.0,232,82,156,3.000241279602051,1.0,1.8275861740112305,0.75,all,3,False,1.5686595439910889,0.2074020653963089,-1.239684820175171,0.3275862068965517,0.6724137931034483,0.851711094379425,0.0,232,1.25,reports/keqingrl_discard_research_20260425_candidates_checkpoint_rerun/configs/rerun_000_source_93/policy_final.pt,689ed3bc4eacbde87049309fe6a37182cffa1baa03338b8ed653ebab516854fc,0.2,"{""entropy_coef"":0.01,""lr"":3e-05,""opponent_mode"":""rulebase"",""rule_kl_coef"":0.01}",rulebase/rule_kl=0.01/entropy=0.01/lr=3e-05,reports/keqingrl_discard_research_20260425_candidates_checkpoint_rerun/configs/rerun_000_source_93/config.json,0.0,0.0,0.0,0.75,topk,3,0.005,16,0,0.0,3,0.003,1.0,3.0005860328674316,True,82,120,0.5172413793103449,rulebase,zero,3.0,3.0,3.002000093460083,4,156,82,74,3.0,3.1,0.1,0.0,tempered_current_logits,0,0,0.3,0.03,0.25,0.8,0.02,0.09913793206214905,0.008337368257343769,0.004310344811528921,0.1982758641242981,0,disabled,0,1.0,-0.05067546293139458,-1.5,0.8357130289077759,1.0,-0.0021551724057644606,-1.5,16,0.3026387095451355,202605330000,0.001,0.25,[0.25],keqingrl_rule_score_scale_v1,0.0,580324fcd19cfcdd,config=4:iter=0:base=202605330000:stride=1:count=16,82,0.33636692762856596,0.6914920806884766,"{""1"":112,""2"":48,""3"":72}",1.8275862068965518,0.4827586206896552,93,support-only-topk,keqingrl_topk_teacher_v1,rule-component-v1,topk_distribution,1.0,3,action_feature_component_reranker_v1,0.008337368257343769,0.09913793206214905,0.0,-0.027307085692882538,0.9392215609550476,1.1057511568069458,232.0,0.642241358757019,0.08500773459672928,0.4527401328086853,0.6465517282485962,1.4181034564971924,0.5238445997238159,0.01,teacher-ce,3,202605330000,False,232,2.0,2.0,2.0,3.0,3.0,3.0,3.0,3.0,3.0,0.6914920806884766,0.03442736342549324,0.0,1.0,1.0,1.0,0.6437510251998901,0.6981240510940552,0.902430534362793,0.7376890778541565,0.08192837238311768,0.9956896305084229,0.7500603199005127,0.75,0.004310344811528921,0.016562147065997124,0.1982758641242981,232,0.0,0.0,0.0,0.0,0.0,0.0,0.0,0.0,0.0,0.0,0.0,0.0,0.0,0.0,0.0,0.750058114528656,0.7500178813934326,0.7502313256263733,0.00023074340424500406,3.1908999517327175e-05,1.0,0.7500603199005127,0.75,0.0,8,0.0,0.0,0.75
0,0,0,0.0,0.0,0.0,232,121,209,3.000206708908081,1.0,1.7413792610168457,0.75,all,3,False,4.312360763549805,1.5329887866973877,-0.6558775901794434,0.09913793103448276,0.9008620689655172,1.1874290704727173,0.0,232,1.25,reports/keqingrl_discard_research_20260425_candidates_checkpoint_rerun/configs/rerun_000_source_93/policy_final.pt,689ed3bc4eacbde87049309fe6a37182cffa1baa03338b8ed653ebab516854fc,0.2,"{""entropy_coef"":0.01,""lr"":3e-05,""opponent_mode"":""rulebase"",""rule_kl_coef"":0.01}",rulebase/rule_kl=0.01/entropy=0.01/lr=3e-05,reports/keqingrl_discard_research_20260425_candidates_checkpoint_rerun/configs/rerun_000_source_93/config.json,0.0,0.0,0.0,0.75,topk,3,0.005,16,1,0.0,3,0.003,1.0,3.0004093647003174,True,121,126,0.5431034482758621,rulebase,zero,3.0,3.0,3.000999927520752,4,209,121,88,3.0,3.1,0.1,0.0,tempered_current_logits,0,0,0.3,0.03,0.25,0.8,0.02,0.2844827473163605,0.017391536384820938,0.20258620381355286,0.37068966031074524,0,disabled,0,1.0,-0.40137213468551636,-1.6431154012680054,0.7391499876976013,1.0,0.008620689623057842,-1.5,16,0.29348352551460266,202605330016,0.001,0.25,[0.25],keqingrl_rule_score_scale_v1,0.0,aa0a65502daee831,config=4:iter=1:base=202605330016:stride=1:count=16,121,0.3199227094040092,0.6914684772491455,"{""1"":106,""2"":80,""3"":46}",1.7413793103448276,0.45689655172413796,93,support-only-topk,keqingrl_topk_teacher_v1,rule-component-v1,topk_distribution,1.0,3,action_feature_component_reranker_v1,0.017391536384820938,0.2844827473163605,0.0,-0.0349242202937603,1.0197374820709229,1.1335742473602295,232.0,0.5431034564971924,0.1181832104921341,0.5381157398223877,0.6508620977401733,1.4568965435028076,0.5476411581039429,0.01,teacher-ce,3,202605330001,False,232,2.4893617021276597,2.0,3.0,3.00076594758541,3.000999927520752,3.002000093460083,3.0002127505363303,3.0,3.000999927520752,0.6500903862587949,0.032341129562639175,0.0,0.5106382978723404,1.0,1.0,0.4848288297653198,0.47563856840133667,1.0178489685058594,1.3460651636123657,0.11971357464790344,0.7974138259887695,0.7500516772270203,0.75,0.20258620381355286,0.029315099120140076,0.37068966031074524,232,2.4,2.0,3.0,3.0003999710083007,3.0,3.000999927520752,3.0,3.0,3.0,0.667324674129486,0.03321123979985714,0.0,0.6,1.0,1.0,0.6095397472381592,0.6470450758934021,0.9256350994110107,0.8512042164802551,0.07484237104654312,0.9784482717514038,0.7500516772270203,0.75,0.021551724523305893,8,0.0,0.0,0.75
0,0,0,0.0,0.0,0.0,226,112,224,3.000181198120117,1.0,1.747787594795227,0.75,all,3,False,5.504240036010742,2.08872389793396,-0.44894781708717346,0.008849557522123894,0.9911504424778761,1.213598608970642,0.0,226,1.25,reports/keqingrl_discard_research_20260425_candidates_checkpoint_rerun/configs/rerun_000_source_93/policy_final.pt,689ed3bc4eacbde87049309fe6a37182cffa1baa03338b8ed653ebab516854fc,0.2,"{""entropy_coef"":0.01,""lr"":3e-05,""opponent_mode"":""rulebase"",""rule_kl_coef"":0.01}",rulebase/rule_kl=0.01/entropy=0.01/lr=3e-05,reports/keqingrl_discard_research_20260425_candidates_checkpoint_rerun/configs/rerun_000_source_93/config.json,0.0,0.0,0.0,0.75,topk,3,0.005,16,2,0.0,3,0.003,1.0,3.000429153442383,True,112,114,0.504424778761062,rulebase,zero,3.0,3.0,3.000999927520752,4,224,112,112,3.0,3.1,0.1,0.0,tempered_current_logits,0,0,0.3,0.03,0.25,0.8,0.02,0.33185839653015137,0.021697213873267174,0.1946902722120285,0.5309734344482422,0,disabled,0,1.0,-1.436772346496582,-2.77913498878479,0.8867192268371582,1.0,-0.04646017774939537,-1.5,16,0.3376268446445465,202605330032,0.001,0.25,[0.25],keqingrl_rule_score_scale_v1,0.0,b6114395498c6aff,config=4:iter=2:base=202605330032:stride=1:count=16,112,0.34590312741301227,0.6914920806884766,"{""1"":112,""2"":59,""3"":55}",1.747787610619469,0.49557522123893805,93,support-only-topk,keqingrl_topk_teacher_v1,rule-component-v1,topk_distribution,1.0,3,action_feature_component_reranker_v1,0.021697213873267174,0.33185839653015137,0.0,-0.05456281453371048,0.914466142654419,1.1803195476531982,226.0,0.6017699241638184,0.154586061835289,0.48277491331100464,0.6814159154891968,1.4336283206939697,0.49313920736312866,0.01,teacher-ce,3,202605330002,False,226,2.409090909090909,2.0,3.0,3.000659070231698,3.000999927520752,3.0017001628875732,3.0002272562547163,3.0,3.000999927520752,0.665231542153792,0.03309819009155035,0.0,0.5909090909090909,1.0,1.0,0.7140483856201172,0.564651608467102,1.7135874032974243,2.3199915885925293,0.17016081511974335,0.8053097128868103,0.7500452995300293,0.75,0.1946902722120285,0.04435047134757042,0.5309734344482422,226,2.48,2.0,3.0,3.0006399631500242,3.000999927520752,3.000999927520752,3.00015998840332,3.0,3.000999927520752,0.6673933434486389,0.03320665366947651,0.0,0.52,1.0,1.0,0.6803344488143921,0.643474280834198,1.3304105997085571,1.4399322271347046,0.10913847386837006,0.8893805146217346,0.7500452995300293,0.75,0.11061947047710419,8,0.0,0.0,0.75
0,0,0,0.0,0.0,0.0,234,68,133,3.000170946121216,1.0,1.7777777910232544,0.75,all,3,False,1.4814198017120361,0.05599958449602127,-1.2312346696853638,0.43162393162393164,0.5683760683760684,0.9253412485122681,0.0,234,1.25,reports/keqingrl_discard_research_20260425_candidates_checkpoint_rerun/configs/rerun_000_source_93/policy_final.pt,689ed3bc4eacbde87049309fe6a37182cffa1baa03338b8ed653ebab516854fc,0.2,"{""entropy_coef"":0.01,""lr"":3e-05,""opponent_mode"":""rulebase"",""rule_kl_coef"":0.01}",rulebase/rule_kl=0.01/entropy=0.01/lr=3e-05,reports/keqingrl_discard_research_20260425_candidates_checkpoint_rerun/configs/rerun_000_source_93/config.json,0.0,0.0,0.0,0.75,topk,3,0.005,16,0,0.0,3,0.003,1.0,3.0004611015319824,True,68,120,0.5128205128205128,rulebase,zero,3.0,3.0,3.000999927520752,5,133,68,65,3.0,3.1,0.1,0.0,tempered_current_logits,0,0,0.3,0.03,0.25,0.8,0.02,0.21794871985912323,0.016466394066810608,0.05982905998826027,0.32478633522987366,0,disabled,0,1.0,-0.20338843762874603,-1.5,0.890569269657135,1.0,-0.01923076994717121,-1.5,16,0.3279270529747009,202605430000,0.001,0.25,[0.25],keqingrl_rule_score_scale_v1,0.0,eaf93892318ab95e,config=5:iter=0:base=202605430000:stride=1:count=16,68,0.3405534741588128,0.6914212107658386,"{""1"":114,""2"":58,""3"":62}",1.7777777777777777,0.48717948717948717,93,support-only-topk,keqingrl_topk_teacher_v1,rule-component-v1,topk_distribution,1.0,3,action_feature_component_reranker_v1,0.016466394066810608,0.21794871985912323,0.0,-0.025042343884706497,0.947322428226471,1.1105636358261108,234.0,0.6581196784973145,0.0869307890534401,0.4525183141231537,0.632478654384613,1.4700855016708374,0.5257059931755066,0.03,teacher-ce,3,202605430000,True,234,2.5714285714285716,3.0,3.0,3.000999995640346,3.000999927520752,3.002000093460083,3.000357116971697,3.0,3.000999927520752,0.6553626017911094,0.032595603593758175,0.0,0.42857142857142855,1.0,1.0,0.6170216798782349,0.6520271897315979,0.9923512935638428,1.0664533376693726,0.0739833414554596,0.94017094373703,0.750042736530304,0.75,0.05982905998826027,0.027430394664406776,0.32478633522987366,234,0.0,0.0,0.0,0.0,0.0,0.0,0.0,0.0,0.0,0.0,0.0,0.0,0.0,0.0,0.0,0.7500306963920593,0.7499988079071045,0.7502174377441406,0.0002169672807212919,3.2017589546740055e-05,1.0,0.750042736530304,0.75,0.0,8,0.0,0.0,0.75
0,0,0,0.0,0.0,0.0,233,64,118,3.0002102851867676,1.0,1.7811158895492554,0.75,all,3,False,1.505072832107544,-0.06697701662778854,-1.317043423652649,0.49356223175965663,0.5064377682403434,0.8963397145271301,0.0,233,1.25,reports/keqingrl_discard_research_20260425_candidates_checkpoint_rerun/configs/rerun_000_source_93/policy_final.pt,689ed3bc4eacbde87049309fe6a37182cffa1baa03338b8ed653ebab516854fc,0.2,"{""entropy_coef"":0.01,""lr"":3e-05,""opponent_mode"":""rulebase"",""rule_kl_coef"":0.01}",rulebase/rule_kl=0.01/entropy=0.01/lr=3e-05,reports/keqingrl_discard_research_20260425_candidates_checkpoint_rerun/configs/rerun_000_source_93/config.json,0.0,0.0,0.0,0.75,topk,3,0.005,16,1,0.0,3,0.003,1.0,3.0004806518554688,True,64,127,0.5450643776824035,rulebase,zero,3.0,3.0,3.000999927520752,5,118,64,54,3.0,3.1,0.1,0.0,tempered_current_logits,0,0,0.3,0.03,0.25,0.8,0.02,0.17596566677093506,0.010286199860274792,0.17596566677093506,0.278969943523407,0,disabled,0,1.0,-0.33474546670913696,-1.5,0.8665400147438049,1.0,-0.032188840210437775,-1.5,16,0.330875962972641,202605430016,0.001,0.25,[0.25],keqingrl_rule_score_scale_v1,0.0,043c569aaf146a9d,config=5:iter=1:base=202605430016:stride=1:count=16,64,0.31467495776329174,0.6687882542610168,"{""1"":106,""2"":72,""3"":55}",1.7811158798283262,0.45493562231759654,93,support-only-topk,keqingrl_topk_teacher_v1,rule-component-v1,topk_distribution,1.0,3,action_feature_component_reranker_v1,0.010286199860274792,0.17596566677093506,0.0,-0.042154159396886826,1.008173942565918,1.150297999382019,233.0,0.5793991684913635,0.1216580867767334,0.4546290636062622,0.6351931095123291,1.467811107635498,0.5368484854698181,0.03,teacher-ce,3,202605430001,False,233,2.5365853658536586,3.0,3.0,3.000780477756407,3.000999927520752,3.002000093460083,3.0001219423805794,3.0,3.000999927520752,0.6594169430616426,0.03280478956677565,0.0,0.4634146341463415,1.0,1.0,0.5415372848510742,0.4940333366394043,0.9992296099662781,1.4191933870315552,0.09212005138397217,0.8240343332290649,0.7500525712966919,0.75,0.17596566677093506,0.020017381757497787,0.278969943523407,233,2.3703703703703702,2.0,3.0,3.0006296281461364,3.0,3.002000093460083,3.0002222061157227,3.0,3.000999927520752,0.6623104038061919,0.032953636030907986,0.0,0.6296296296296297,1.0,1.0,0.5522301197052002,0.6115632057189941,0.890201210975647,0.8606497645378113,0.0775972306728363,0.8841201663017273,0.7500525712966919,0.75,0.11587982624769211,8,0.0,0.0,0.75
0,0,0,0.0,0.0,0.0,234,75,153,3.0002222061157227,1.0,1.7606837749481201,0.75,all,3,False,1.5998420715332031,0.17126122117042542,-1.239341139793396,0.34615384615384615,0.6538461538461539,0.8103401064872742,0.0,234,1.25,reports/keqingrl_discard_research_20260425_candidates_checkpoint_rerun/configs/rerun_000_source_93/policy_final.pt,689ed3bc4eacbde87049309fe6a37182cffa1baa03338b8ed653ebab516854fc,0.2,"{""entropy_coef"":0.01,""lr"":3e-05,""opponent_mode"":""rulebase"",""rule_kl_coef"":0.01}",rulebase/rule_kl=0.01/entropy=0.01/lr=3e-05,reports/keqingrl_discard_research_20260425_candidates_checkpoint_rerun/configs/rerun_000_source_93/config.json,0.0,0.0,0.0,0.75,topk,3,0.005,16,2,0.0,3,0.003,1.0,3.0004913806915283,True,75,119,0.5085470085470085,rulebase,zero,3.0,3.0,3.000999927520752,5,153,75,78,3.0,3.1,0.1,0.0,tempered_current_logits,0,0,0.3,0.03,0.25,0.8,0.02,0.2905983030796051,0.02046920359134674,0.14529915153980255,0.49572649598121643,0,disabled,0,1.0,-0.1662658303976059,-1.5,0.7959953546524048,1.0,-0.008547008968889713,-1.5,16,0.28482192754745483,202605430032,0.001,0.25,[0.25],keqingrl_rule_score_scale_v1,0.0,761901eb8c0435bf,config=5:iter=2:base=202605430032:stride=1:count=16,75,0.34354526395153284,0.6915632486343384,"{""1"":115,""2"":60,""3"":59}",1.7606837606837606,0.49145299145299143,93,support-only-topk,keqingrl_topk_teacher_v1,rule-component-v1,topk_distribution,1.0,3,action_feature_component_reranker_v1,0.02046920359134674,0.2905983030796051,0.0,-0.045046497136354446,0.8805139064788818,1.1522438526153564,234.0,0.6752136945724487,0.12995119392871857,0.5029304027557373,0.7051281929016113,1.3632478713989258,0.4846816062927246,0.03,teacher-ce,3,202605430002,True,234,2.5294117647058822,3.0,3.0,3.0008529284421135,3.000999927520752,3.002000093460083,3.00026468669667,3.0,3.000999927520752,0.6747572351904476,0.033565435942043274,0.0,0.47058823529411764,1.0,1.0,0.7884081602096558,0.7718177437782288,1.4498006105422974,2.2440385818481445,0.15522238612174988,0.8547008633613586,0.7500555515289307,0.75,0.14529915153980255,0.04190576449036598,0.49572649598121643,234,2.4,2.0,3.0,3.000759973526001,3.000999927520752,3.0016000270843506,3.0002799797058106,3.0,3.000999927520752,0.6713693428039551,0.033400196805596354,0.0,0.6,1.0,1.0,0.6242209076881409,0.6754491329193115,1.1805901527404785,1.2839529514312744,0.08639560639858246,0.8931623697280884,0.7500555515289307,0.75,0.10683760792016983,8,0.0,0.0,0.75
0,0,0,0.0,0.0,0.0,229,88,175,3.0001702308654785,1.0,1.7467248439788818,0.75,all,3,False,1.4854135513305664,0.2876715660095215,-1.2136905193328857,0.23580786026200873,0.7641921397379913,0.7267021536827087,0.0,229,1.25,reports/keqingrl_discard_research_20260425_candidates_checkpoint_rerun/configs/rerun_000_source_93/policy_final.pt,689ed3bc4eacbde87049309fe6a37182cffa1baa03338b8ed653ebab516854fc,0.2,"{""entropy_coef"":0.01,""lr"":3e-05,""opponent_mode"":""rulebase"",""rule_kl_coef"":0.01}",rulebase/rule_kl=0.01/entropy=0.01/lr=3e-05,reports/keqingrl_discard_research_20260425_candidates_checkpoint_rerun/configs/rerun_000_source_93/config.json,0.0,0.0,0.0,0.75,topk,3,0.005,16,0,0.0,3,0.003,1.0,3.0004234313964844,True,88,117,0.5109170305676856,rulebase,zero,3.0,3.0,3.000999927520752,6,175,88,87,3.0,3.1,0.1,0.0,tempered_current_logits,0,0,0.3,0.03,0.25,0.8,0.02,0.375545859336853,0.026904653757810593,0.061135370284318924,0.5152838230133057,0,disabled,0,1.0,0.026518303900957108,-1.5,0.7069764733314514,1.0,0.008733624592423439,-1.5,16,0.25578489899635315,202605530000,0.001,0.25,[0.25],keqingrl_rule_score_scale_v1,0.0,7e07f4d207d40fb5,config=6:iter=0:base=202605530000:stride=1:count=16,88,0.33991719167435536,0.6914212107658386,"{""1"":112,""2"":63,""3"":54}",1.7467248908296944,0.4890829694323144,93,support-only-topk,keqingrl_topk_teacher_v1,rule-component-v1,topk_distribution,1.0,3,action_feature_component_reranker_v1,0.026904653757810593,0.375545859336853,0.0,-0.032802071422338486,0.8850687742233276,1.1086878776550293,229.0,0.6899563074111938,0.09205610305070877,0.5125389695167542,0.7030567526817322,1.3799126148223877,0.4933960735797882,0.05,teacher-ce,3,202605530000,True,229,2.357142857142857,2.0,3.0,3.00064286163875,3.0,3.002000093460083,3.0000714233943393,3.0,3.0,0.6574462141309466,0.032711065507360866,0.0,0.6428571428571429,1.0,1.0,0.7428117990493774,0.7277488708496094,1.3410160541534424,1.152854323387146,0.11202805489301682,0.9388646483421326,0.7500425577163696,0.75,0.061135370284318924,0.05260895937681198,0.5152838230133057,229,0.0,0.0,0.0,0.0,0.0,0.0,0.0,0.0,0.0,0.0,0.0,0.0,0.0,0.0,0.0,0.7500348091125488,0.7499962449073792,0.7502378821372986,0.00022677105152979493,3.192941585439257e-05,1.0,0.7500425577163696,0.75,0.0,8,0.0,0.0,0.75
0,0,0,0.0,0.0,0.0,250,112,231,3.0003039836883545,1.0,1.7359999418258667,0.75,all,3,False,5.72827672958374,2.150881767272949,-0.9218730926513672,0.076,0.924,1.5600513219833374,0.0,250,1.25,reports/keqingrl_discard_research_20260425_candidates_checkpoint_rerun/configs/rerun_000_source_93/policy_final.pt,689ed3bc4eacbde87049309fe6a37182cffa1baa03338b8ed653ebab516854fc,0.2,"{""entropy_coef"":0.01,""lr"":3e-05,""opponent_mode"":""rulebase"",""rule_kl_coef"":0.01}",rulebase/rule_kl=0.01/entropy=0.01/lr=3e-05,reports/keqingrl_discard_research_20260425_candidates_checkpoint_rerun/configs/rerun_000_source_93/config.json,0.0,0.0,0.0,0.75,topk,3,0.005,16,1,0.0,3,0.003,1.0,3.0005595684051514,True,112,125,0.5,rulebase,zero,3.0,3.0,3.000999927520752,6,231,112,119,3.0,3.1,0.1,0.0,tempered_current_logits,0,0,0.3,0.03,0.25,0.8,0.02,0.2840000092983246,0.015530018135905266,0.10400000214576721,0.4399999976158142,0,disabled,0,1.0,-0.8776163458824158,-2.2531509399414062,0.8498181700706482,1.0,0.012000000104308128,-1.5,16,0.2566242516040802,202605530016,0.001,0.25,[0.25],keqingrl_rule_score_scale_v1,0.0,68c81872505e5abd,config=6:iter=1:base=202605530016:stride=1:count=16,112,0.34452041145414114,0.6688328385353088,"{""1"":125,""2"":66,""3"":59}",1.736,0.5,93,support-only-topk,keqingrl_topk_teacher_v1,rule-component-v1,topk_distribution,1.0,3,action_feature_component_reranker_v1,0.015530018135905266,0.2840000092983246,0.0,-0.04304001107811928,0.8937734365463257,1.131819725036621,250.0,0.699999988079071,0.10883887112140656,0.4696999788284302,0.6759999990463257,1.4160000085830688,0.4857581853866577,0.05,teacher-ce,3,202605530001,True,250,2.230769230769231,2.0,3.0,3.000346137927129,3.0,3.000999927520752,3.0001153762523947,3.0,3.000499963760376,0.6628838731692388,0.032991721509740904,0.0,0.7692307692307693,1.0,1.0,0.7033608555793762,0.6449534296989441,1.4109845161437988,2.1318371295928955,0.22267773747444153,0.8960000276565552,0.7500759959220886,0.75,0.10400000214576721,0.03447388857603073,0.4399999976158142,250,2.2,2.0,3.0,3.000599988301595,3.0,3.0016000270843506,3.0002666473388673,3.0,3.000999927520752,0.668089214960734,0.03324185013771057,0.0,0.8,1.0,1.0,0.6839600801467896,0.6491405963897705,1.2181392908096313,1.056398630142212,0.10515666753053665,0.9399999976158142,0.7500759959220886,0.75,0.05999999865889549,8,0.0,0.0,0.75
0,0,0,0.0,0.0,0.0,204,90,188,3.000235080718994,1.0,1.6960784196853638,0.75,all,3,False,4.00295352935791,1.2383983135223389,-0.6155452132225037,0.0784313725490196,0.9215686274509803,1.0153577327728271,0.0,204,1.25,reports/keqingrl_discard_research_20260425_candidates_checkpoint_rerun/configs/rerun_000_source_93/policy_final.pt,689ed3bc4eacbde87049309fe6a37182cffa1baa03338b8ed653ebab516854fc,0.2,"{""entropy_coef"":0.01,""lr"":3e-05,""opponent_mode"":""rulebase"",""rule_kl_coef"":0.01}",rulebase/rule_kl=0.01/entropy=0.01/lr=3e-05,reports/keqingrl_discard_research_20260425_candidates_checkpoint_rerun/configs/rerun_000_source_93/config.json,0.0,0.0,0.0,0.75,topk,3,0.005,16,2,0.0,3,0.003,1.0,3.0004703998565674,True,90,98,0.4803921568627451,rulebase,zero,3.0,3.0,3.000999927520752,6,188,90,98,3.0,3.1,0.1,0.0,tempered_current_logits,0,0,0.3,0.03,0.25,0.8,0.02,0.1715686321258545,0.011863213032484055,0.18627451360225677,0.28431373834609985,0,disabled,0,1.0,-1.123172640800476,-2.120335578918457,0.8719072341918945,1.0,-0.04411764815449715,-1.5,16,0.33652594685554504,202605530032,0.001,0.25,[0.25],keqingrl_rule_score_scale_v1,0.0,94abde629aa978b7,config=6:iter=2:base=202605530032:stride=1:count=16,90,0.35891104136210156,0.6914212107658386,"{""1"":106,""2"":54,""3"":44}",1.696078431372549,0.5196078431372549,93,support-only-topk,keqingrl_topk_teacher_v1,rule-component-v1,topk_distribution,1.0,3,action_feature_component_reranker_v1,0.011863213032484055,0.1715686321258545,0.0,-0.04794447869062424,0.9330300092697144,1.1405572891235352,204.0,0.6176470518112183,0.12452726811170578,0.5239496231079102,0.6127451062202454,1.5392156839370728,0.5061088800430298,0.05,teacher-ce,3,202605530002,False,204,2.289473684210526,2.0,3.0,3.00052631528754,3.0,3.002000093460083,3.0002105110570003,3.0,3.000999927520752,0.6609434720716978,0.03288919483556559,0.0,0.7105263157894737,1.0,1.0,0.6445128321647644,0.6177281141281128,1.3683499097824097,2.5855865478515625,0.28293439745903015,0.813725471496582,0.7500587701797485,0.75,0.18627451360225677,0.023120800033211708,0.28431373834609985,204,2.4210526315789473,2.0,3.0,3.00063157081604,3.0,3.002000093460083,3.0001578832927502,3.0,3.000999927520752,0.6626210526416176,0.03296887776569316,0.0,0.5789473684210527,1.0,1.0,0.6976470351219177,0.6594845056533813,1.359918475151062,1.7802519798278809,0.21668687462806702,0.906862735748291,0.7500587701797485,0.75,0.09313725680112839,8,0.0,0.0,0.75
